partido_id,fecha,equipo_local,equipo_visitante,local_goles_favor_prom,local_goles_contra_prom,local_puntos_prom,local_partidos_historial,visit_goles_favor_prom,visit_goles_contra_prom,visit_puntos_prom,visit_partidos_historial,h2h_victorias_local,h2h_total_partidos,resultado
438482,2023-08-11,UD Almería,Rayo Vallecano de Madrid,1.0,1.0,1.0,0,1.0,1.0,1.0,0,0,2,VISITANTE
438479,2023-08-11,Sevilla FC,Valencia CF,1.0,1.0,1.0,0,1.0,1.0,1.0,0,0,2,VISITANTE
435943,2023-08-11,Burnley FC,Manchester City FC,1.0,1.0,1.0,0,1.0,1.0,1.0,0,0,2,VISITANTE
435947,2023-08-12,Everton FC,Fulham FC,1.0,1.0,1.0,0,1.0,1.0,1.0,0,0,2,VISITANTE
435946,2023-08-12,Brighton & Hove Albion FC,Luton Town FC,1.0,1.0,1.0,0,1.0,1.0,1.0,0,1,2,LOCAL
435945,2023-08-12,AFC Bournemouth,West Ham United FC,1.0,1.0,1.0,0,1.0,1.0,1.0,0,0,2,EMPATE
435944,2023-08-12,Arsenal FC,Nottingham Forest FC,1.0,1.0,1.0,0,1.0,1.0,1.0,0,1,2,LOCAL
435949,2023-08-12,Newcastle United FC,Aston Villa FC,1.0,1.0,1.0,0,1.0,1.0,1.0,0,1,2,LOCAL
435948,2023-08-12,Sheffield United FC,Crystal Palace FC,1.0,1.0,1.0,0,1.0,1.0,1.0,0,0,2,VISITANTE
438481,2023-08-12,Real Sociedad de Fútbol,Girona FC,1.0,1.0,1.0,0,1.0,1.0,1.0,0,0,2,EMPATE
438483,2023-08-12,UD Las Palmas,RCD Mallorca,1.0,1.0,1.0,0,1.0,1.0,1.0,0,0,2,EMPATE
438474,2023-08-12,Athletic Club,Real Madrid CF,1.0,1.0,1.0,0,1.0,1.0,1.0,0,0,2,VISITANTE
438476,2023-08-13,RC Celta de Vigo,CA Osasuna,1.0,1.0,1.0,0,1.0,1.0,1.0,0,0,2,VISITANTE
435950,2023-08-13,Brentford FC,Tottenham Hotspur FC,1.0,1.0,1.0,0,1.0,1.0,1.0,0,0,2,EMPATE
435951,2023-08-13,Chelsea FC,Liverpool FC,1.0,1.0,1.0,0,1.0,1.0,1.0,0,0,2,EMPATE
438478,2023-08-13,Getafe CF,FC Barcelona,1.0,1.0,1.0,0,1.0,1.0,1.0,0,0,2,EMPATE
438480,2023-08-13,Villarreal CF,Real Betis Balompié,1.0,1.0,1.0,0,1.0,1.0,1.0,0,0,2,VISITANTE
435952,2023-08-14,Manchester United FC,Wolverhampton Wanderers FC,1.0,1.0,1.0,0,1.0,1.0,1.0,0,1,2,LOCAL
438475,2023-08-14,Club Atlético de Madrid,Granada CF,1.0,1.0,1.0,0,1.0,1.0,1.0,0,1,2,LOCAL
438477,2023-08-14,Cádiz CF,Deportivo Alavés,1.0,1.0,1.0,0,1.0,1.0,1.0,0,1,2,LOCAL
441789,2023-08-18,SV Werder Bremen,FC Bayern München,1.0,1.0,1.0,0,1.0,1.0,1.0,0,0,2,VISITANTE
435959,2023-08-18,Nottingham Forest FC,Sheffield United FC,1.0,2.0,0.0,1,0.0,1.0,0.0,1,1,2,LOCAL
438490,2023-08-18,Valencia CF,UD Las Palmas,2.0,1.0,3.0,1,1.0,1.0,1.0,1,1,2,LOCAL
438491,2023-08-18,RCD Mallorca,Villarreal CF,1.0,1.0,1.0,1,1.0,2.0,0.0,1,0,2,VISITANTE
441792,2023-08-19,Bayer 04 Leverkusen,RB Leipzig,1.0,1.0,1.0,0,1.0,1.0,1.0,0,1,2,LOCAL
441794,2023-08-19,VfL Wolfsburg,1. FC Heidenheim 1846,1.0,1.0,1.0,0,1.0,1.0,1.0,0,1,2,LOCAL
441797,2023-08-19,VfB Stuttgart,VfL Bochum 1848,1.0,1.0,1.0,0,1.0,1.0,1.0,0,1,2,LOCAL
441790,2023-08-19,Borussia Dortmund,1. FC Köln,1.0,1.0,1.0,0,1.0,1.0,1.0,0,1,2,LOCAL
435962,2023-08-19,Wolverhampton Wanderers FC,Brighton & Hove Albion FC,0.0,1.0,0.0,1,4.0,1.0,3.0,1,0,2,VISITANTE
435956,2023-08-19,Liverpool FC,AFC Bournemouth,1.0,1.0,1.0,1,1.0,1.0,1.0,1,1,2,LOCAL
441796,2023-08-19,FC Augsburg,Borussia Mönchengladbach,1.0,1.0,1.0,0,1.0,1.0,1.0,0,0,2,EMPATE
435960,2023-08-19,Tottenham Hotspur FC,Manchester United FC,2.0,2.0,1.0,1,1.0,0.0,3.0,1,1,2,LOCAL
435958,2023-08-19,Manchester City FC,Newcastle United FC,3.0,0.0,3.0,1,5.0,1.0,3.0,1,1,2,LOCAL
438485,2023-08-19,CA Osasuna,Athletic Club,2.0,0.0,3.0,1,0.0,2.0,0.0,1,0,2,VISITANTE
438493,2023-08-19,UD Almería,Real Madrid CF,0.0,2.0,0.0,1,2.0,0.0,3.0,1,0,2,VISITANTE
438492,2023-08-19,Real Sociedad de Fútbol,RC Celta de Vigo,1.0,1.0,1.0,1,0.0,2.0,0.0,1,0,2,EMPATE
435955,2023-08-19,Fulham FC,Brentford FC,1.0,0.0,3.0,1,2.0,2.0,1.0,1,0,2,VISITANTE
441795,2023-08-19,TSG 1899 Hoffenheim,SC Freiburg,1.0,1.0,1.0,0,1.0,1.0,1.0,0,0,2,VISITANTE
435953,2023-08-20,Aston Villa FC,Everton FC,1.0,5.0,0.0,1,0.0,1.0,0.0,1,1,2,LOCAL
435961,2023-08-20,West Ham United FC,Chelsea FC,1.0,1.0,1.0,1,1.0,1.0,1.0,1,1,2,LOCAL
441793,2023-08-20,Eintracht Frankfurt,SV Darmstadt 98,1.0,1.0,1.0,0,1.0,1.0,1.0,0,1,2,LOCAL
438488,2023-08-20,Girona FC,Getafe CF,1.0,1.0,1.0,1,0.0,0.0,1.0,1,1,2,LOCAL
438487,2023-08-20,FC Barcelona,Cádiz CF,0.0,0.0,1.0,1,1.0,0.0,3.0,1,1,2,LOCAL
438484,2023-08-20,Real Betis Balompié,Club Atlético de Madrid,2.0,1.0,3.0,1,3.0,1.0,3.0,1,0,2,EMPATE
441791,2023-08-20,1. FC Union Berlin,1. FSV Mainz 05,1.0,1.0,1.0,0,1.0,1.0,1.0,0,1,2,LOCAL
435954,2023-08-21,Crystal Palace FC,Arsenal FC,1.0,0.0,3.0,1,2.0,1.0,3.0,1,0,2,VISITANTE
438486,2023-08-21,Deportivo Alavés,Sevilla FC,0.0,1.0,0.0,1,1.0,2.0,0.0,1,1,2,LOCAL
438489,2023-08-21,Granada CF,Rayo Vallecano de Madrid,1.0,3.0,0.0,1,2.0,0.0,3.0,1,0,2,VISITANTE
438495,2023-08-25,RC Celta de Vigo,Real Madrid CF,0.5,1.5,0.5,2,2.5,0.5,3.0,2,0,2,VISITANTE
441799,2023-08-25,RB Leipzig,VfB Stuttgart,2.0,3.0,0.0,1,5.0,0.0,3.0,1,1,2,LOCAL
435968,2023-08-25,Chelsea FC,Luton Town FC,1.0,2.0,0.5,2,1.0,4.0,0.0,1,1,2,LOCAL
438503,2023-08-25,UD Las Palmas,Real Sociedad de Fútbol,0.5,1.0,0.5,2,1.0,1.0,1.0,2,0,2,EMPATE
435964,2023-08-26,Arsenal FC,Fulham FC,1.5,0.5,3.0,2,0.5,1.5,1.5,2,0,2,EMPATE
435965,2023-08-26,Brentford FC,Crystal Palace FC,2.5,1.0,2.0,2,0.5,0.5,1.5,2,0,2,EMPATE
435966,2023-08-26,Brighton & Hove Albion FC,West Ham United FC,4.0,1.0,3.0,2,2.0,1.0,2.0,2,0,2,VISITANTE
435963,2023-08-26,AFC Bournemouth,Tottenham Hotspur FC,1.0,2.0,0.5,2,2.0,1.0,2.0,2,0,2,VISITANTE
435970,2023-08-26,Manchester United FC,Nottingham Forest FC,0.5,1.0,1.5,2,1.5,1.5,1.5,2,1,2,LOCAL
438498,2023-08-26,Granada CF,RCD Mallorca,0.5,2.5,0.0,2,0.5,1.0,0.5,2,1,2,LOCAL
438499,2023-08-26,Sevilla FC,Girona FC,2.0,3.0,0.0,2,2.0,0.5,2.0,2,0,2,VISITANTE
441802,2023-08-26,Borussia Mönchengladbach,Bayer 04 Leverkusen,4.0,4.0,1.0,1,3.0,2.0,3.0,1,0,2,VISITANTE
441806,2023-08-26,SV Darmstadt 98,1. FC Union Berlin,0.0,1.0,0.0,1,4.0,1.0,3.0,1,0,2,VISITANTE
441805,2023-08-26,1. FC Heidenheim 1846,TSG 1899 Hoffenheim,0.0,2.0,0.0,1,1.0,2.0,0.0,1,0,2,VISITANTE
441804,2023-08-26,VfL Bochum 1848,Borussia Dortmund,0.0,5.0,0.0,1,1.0,0.0,3.0,1,0,2,EMPATE
441803,2023-08-26,1. FC Köln,VfL Wolfsburg,0.0,1.0,0.0,1,2.0,0.0,3.0,1,0,2,VISITANTE
441800,2023-08-26,SC Freiburg,SV Werder Bremen,2.0,1.0,3.0,1,0.0,4.0,0.0,1,1,2,LOCAL
438496,2023-08-26,Cádiz CF,UD Almería,0.5,1.0,1.5,2,0.5,2.5,0.0,2,0,2,EMPATE
435969,2023-08-26,Everton FC,Wolverhampton Wanderers FC,0.0,2.5,0.0,2,0.5,2.5,0.0,2,0,2,VISITANTE
441798,2023-08-27,FC Bayern München,FC Augsburg,4.0,0.0,3.0,1,4.0,4.0,1.0,1,1,2,LOCAL
441801,2023-08-27,1. FSV Mainz 05,Eintracht Frankfurt,1.0,4.0,0.0,1,1.0,0.0,3.0,1,0,2,EMPATE
435972,2023-08-27,Sheffield United FC,Manchester City FC,0.5,1.5,0.0,2,2.0,0.0,3.0,2,0,2,VISITANTE
435967,2023-08-27,Burnley FC,Aston Villa FC,0.0,3.0,0.0,1,2.5,2.5,1.5,2,0,2,VISITANTE
435971,2023-08-27,Newcastle United FC,Liverpool FC,2.5,1.0,1.5,2,2.0,1.0,2.0,2,0,2,VISITANTE
438494,2023-08-27,Athletic Club,Real Betis Balompié,1.0,1.0,1.5,2,1.0,0.5,2.0,2,1,2,LOCAL
438500,2023-08-27,Valencia CF,CA Osasuna,1.5,0.5,3.0,2,1.0,1.0,1.5,2,0,2,VISITANTE
438501,2023-08-27,Villarreal CF,FC Barcelona,1.0,1.0,1.5,2,1.0,0.0,2.0,2,0,2,VISITANTE
438502,2023-08-28,Rayo Vallecano de Madrid,Club Atlético de Madrid,2.0,0.0,3.0,2,1.5,0.5,2.0,2,0,2,VISITANTE
438497,2023-08-28,Getafe CF,Deportivo Alavés,0.0,1.5,0.5,2,2.0,2.0,1.5,2,1,2,LOCAL
438513,2023-09-01,UD Almería,RC Celta de Vigo,0.67,2.0,0.33,3,0.33,1.33,0.33,3,0,2,VISITANTE
438508,2023-09-01,Cádiz CF,Villarreal CF,0.67,1.0,1.33,3,1.67,2.0,1.0,3,1,2,LOCAL
441807,2023-09-01,Borussia Dortmund,1. FC Heidenheim 1846,1.0,0.5,2.0,2,1.0,2.5,0.0,2,0,2,EMPATE
435980,2023-09-01,Luton Town FC,West Ham United FC,0.5,3.5,0.0,2,2.33,1.0,2.33,3,0,2,VISITANTE
441809,2023-09-02,Bayer 04 Leverkusen,SV Darmstadt 98,3.0,1.0,3.0,2,0.5,2.5,0.0,2,1,2,LOCAL
441812,2023-09-02,TSG 1899 Hoffenheim,VfL Wolfsburg,2.0,2.0,1.5,2,2.0,0.5,3.0,2,1,2,LOCAL
441813,2023-09-02,SV Werder Bremen,1. FSV Mainz 05,0.0,2.5,0.0,2,1.0,2.5,0.5,2,1,2,LOCAL
441814,2023-09-02,FC Augsburg,VfL Bochum 1848,2.5,3.5,0.5,2,0.5,3.0,0.5,2,0,2,EMPATE
441815,2023-09-02,VfB Stuttgart,SC Freiburg,3.0,2.5,1.5,2,1.5,0.5,3.0,2,1,2,LOCAL
441811,2023-09-02,Borussia Mönchengladbach,FC Bayern München,2.0,3.5,0.5,2,3.5,0.5,3.0,2,0,2,VISITANTE
438512,2023-09-02,Real Sociedad de Fútbol,Granada CF,0.67,0.67,1.0,3,1.33,2.33,1.0,3,1,2,LOCAL
438511,2023-09-02,Real Madrid CF,Getafe CF,2.0,0.33,3.0,3,0.33,1.0,1.33,3,1,2,LOCAL
438505,2023-09-02,Real Betis Balompié,Rayo Vallecano de Madrid,1.33,1.67,1.33,3,1.33,2.33,2.0,3,1,2,LOCAL
438507,2023-09-02,Deportivo Alavés,Valencia CF,1.33,1.67,1.0,3,1.33,1.0,2.0,3,1,2,LOCAL
435976,2023-09-02,Burnley FC,Tottenham Hotspur FC,0.5,3.0,0.0,2,2.0,0.67,2.33,3,0,2,VISITANTE
435981,2023-09-02,Manchester City FC,Fulham FC,2.0,0.33,3.0,3,1.0,1.67,1.33,3,1,2,LOCAL
435975,2023-09-02,Brighton & Hove Albion FC,Newcastle United FC,3.0,1.67,2.0,3,2.0,1.33,1.0,3,1,2,LOCAL
435974,2023-09-02,Brentford FC,AFC Bournemouth,2.0,1.0,1.67,3,0.67,2.0,0.33,3,0,2,EMPATE
435982,2023-09-02,Sheffield United FC,Everton FC,0.67,1.67,0.0,3,0.0,2.0,0.0,3,0,2,EMPATE
435977,2023-09-02,Chelsea FC,Nottingham Forest FC,1.67,1.33,1.33,3,1.67,2.0,1.0,3,0,2,VISITANTE
435979,2023-09-03,Liverpool FC,Aston Villa FC,2.0,1.0,2.33,3,2.67,2.0,2.0,3,1,2,LOCAL
435973,2023-09-03,Arsenal FC,Manchester United FC,1.67,1.0,2.33,3,1.33,1.33,2.0,3,1,2,LOCAL
441810,2023-09-03,Eintracht Frankfurt,1. FC Köln,1.0,0.5,2.0,2,0.5,1.5,0.0,2,0,2,EMPATE
441808,2023-09-03,1. FC Union Berlin,RB Leipzig,4.0,1.0,3.0,2,3.5,2.0,1.5,2,0,2,VISITANTE
435978,2023-09-03,Crystal Palace FC,Wolverhampton Wanderers FC,0.67,0.67,1.33,3,0.67,1.67,1.0,3,1,2,LOCAL
438509,2023-09-03,Girona FC,UD Las Palmas,2.0,0.67,2.33,3,0.33,0.67,0.67,3,1,2,LOCAL
438510,2023-09-03,RCD Mallorca,Athletic Club,1.0,1.67,0.33,3,2.0,1.33,2.0,3,0,2,EMPATE
438506,2023-09-03,CA Osasuna,FC Barcelona,1.33,1.0,2.0,3,2.0,1.0,2.33,3,0,2,VISITANTE
441816,2023-09-15,FC Bayern München,Bayer 04 Leverkusen,3.0,0.67,3.0,3,3.67,1.0,3.0,3,0,2,EMPATE
438522,2023-09-15,Rayo Vallecano de Madrid,Deportivo Alavés,1.0,2.0,1.5,4,1.25,1.25,1.5,4,1,2,LOCAL
441819,2023-09-16,VfL Wolfsburg,1. FC Union Berlin,1.67,1.33,2.0,3,2.67,1.67,2.0,3,1,2,LOCAL
441820,2023-09-16,1. FSV Mainz 05,VfB Stuttgart,0.67,3.0,0.33,3,3.67,1.67,2.0,3,0,2,VISITANTE
441821,2023-09-16,1. FC Köln,TSG 1899 Hoffenheim,0.67,1.33,0.33,3,2.33,1.67,2.0,3,0,2,VISITANTE
441822,2023-09-16,VfL Bochum 1848,Eintracht Frankfurt,1.0,2.67,0.67,3,1.0,0.67,1.67,3,0,2,EMPATE
441818,2023-09-16,SC Freiburg,Borussia Dortmund,1.0,2.0,2.0,3,1.33,1.0,1.67,3,0,2,VISITANTE
441817,2023-09-16,RB Leipzig,FC Augsburg,3.33,1.33,2.0,3,2.33,3.0,0.67,3,1,2,LOCAL
438520,2023-09-16,Valencia CF,Club Atlético de Madrid,1.0,1.0,1.5,4,3.33,0.33,2.33,3,1,2,LOCAL
435992,2023-09-16,Wolverhampton Wanderers FC,Liverpool FC,1.0,2.0,0.75,4,2.25,0.75,2.5,4,0,2,VISITANTE
435984,2023-09-16,Aston Villa FC,Crystal Palace FC,2.0,2.25,1.5,4,1.25,1.0,1.75,4,1,2,LOCAL
435986,2023-09-16,Fulham FC,Luton Town FC,1.0,2.5,1.0,4,0.67,3.0,0.0,3,1,2,LOCAL
435987,2023-09-16,Manchester United FC,Brighton & Hove Albion FC,1.25,1.75,1.5,4,3.0,1.5,2.25,4,0,2,VISITANTE
435990,2023-09-16,Tottenham Hotspur FC,Sheffield United FC,2.75,1.0,2.5,4,1.0,1.75,0.25,4,1,2,LOCAL
435991,2023-09-16,West Ham United FC,Manchester City FC,2.25,1.0,2.5,4,2.75,0.5,3.0,4,0,2,VISITANTE
435988,2023-09-16,Newcastle United FC,Brentford FC,1.75,1.75,0.75,4,2.0,1.25,1.5,4,1,2,LOCAL
438516,2023-09-16,FC Barcelona,Real Betis Balompié,2.0,1.0,2.5,4,1.25,1.25,1.75,4,1,2,LOCAL
438514,2023-09-16,Athletic Club,Cádiz CF,1.5,1.0,1.75,4,1.25,1.0,1.75,4,1,2,LOCAL
438515,2023-09-16,RC Celta de Vigo,RCD Mallorca,1.0,1.5,1.0,4,0.75,1.25,0.5,4,0,2,VISITANTE
441824,2023-09-17,SV Darmstadt 98,Borussia Mönchengladbach,0.67,3.33,0.0,3,1.67,3.0,0.33,3,0,2,EMPATE
441823,2023-09-17,1. FC Heidenheim 1846,SV Werder Bremen,1.33,2.33,0.33,3,1.33,1.67,1.0,3,1,2,LOCAL
435983,2023-09-17,AFC Bournemouth,Chelsea FC,1.0,2.0,0.5,4,1.25,1.25,1.0,4,0,2,EMPATE
435985,2023-09-17,Everton FC,Arsenal FC,0.5,2.0,0.25,4,2.0,1.0,2.5,4,0,2,VISITANTE
438517,2023-09-17,Getafe CF,CA Osasuna,0.5,1.25,1.0,4,1.25,1.25,1.5,4,1,2,LOCAL
438521,2023-09-17,Villarreal CF,UD Almería,1.5,2.25,0.75,4,1.0,2.25,0.25,4,1,2,LOCAL
438519,2023-09-17,Sevilla FC,UD Las Palmas,1.67,2.67,0.0,3,0.25,0.75,0.5,4,1,2,LOCAL
438523,2023-09-17,Real Madrid CF,Real Sociedad de Fútbol,2.0,0.5,3.0,4,1.75,1.25,1.5,4,1,2,LOCAL
435989,2023-09-18,Nottingham Forest FC,Burnley FC,1.5,1.5,1.5,4,1.0,3.67,0.0,3,0,2,EMPATE
438518,2023-09-18,Granada CF,Girona FC,1.75,3.0,0.75,4,1.75,0.5,2.5,4,0,2,VISITANTE
438527,2023-09-22,Deportivo Alavés,Athletic Club,1.0,1.4,1.2,5,1.8,0.8,2.0,5,0,2,VISITANTE
441833,2023-09-22,VfB Stuttgart,SV Darmstadt 98,3.5,1.5,2.25,4,1.25,3.25,0.25,4,1,2,LOCAL
436001,2023-09-23,Manchester City FC,Nottingham Forest FC,2.8,0.6,3.0,5,1.4,1.4,1.4,5,1,2,LOCAL
441826,2023-09-23,Borussia Dortmund,VfL Wolfsburg,2.0,1.25,2.0,4,1.75,1.25,2.25,4,1,2,LOCAL
441827,2023-09-23,1. FC Union Berlin,TSG 1899 Hoffenheim,2.25,1.75,1.5,4,2.5,1.5,2.25,4,0,2,VISITANTE
441825,2023-09-23,FC Bayern München,VfL Bochum 1848,2.75,1.0,2.5,4,1.0,2.25,0.75,4,1,2,LOCAL
441832,2023-09-23,FC Augsburg,1. FSV Mainz 05,1.75,3.0,0.5,4,0.75,3.0,0.25,4,1,2,LOCAL
441831,2023-09-23,SV Werder Bremen,1. FC Köln,1.5,2.25,0.75,4,0.75,1.75,0.25,4,1,2,LOCAL
435998,2023-09-23,Crystal Palace FC,Fulham FC,1.2,1.4,1.4,5,1.0,2.0,1.4,5,0,2,EMPATE
435994,2023-09-23,Brentford FC,Everton FC,1.6,1.2,1.2,5,0.4,1.8,0.2,5,0,2,VISITANTE
441830,2023-09-23,Borussia Mönchengladbach,RB Leipzig,2.0,3.0,0.5,4,3.25,1.0,2.25,4,0,2,VISITANTE
435996,2023-09-23,Burnley FC,Manchester United FC,1.0,3.0,0.25,4,1.2,2.0,1.2,5,0,2,VISITANTE
436000,2023-09-23,Luton Town FC,Wolverhampton Wanderers FC,0.5,2.5,0.0,4,1.0,2.2,0.6,5,0,2,EMPATE
438529,2023-09-23,Girona FC,RCD Mallorca,2.2,0.8,2.6,5,0.8,1.0,1.0,5,1,2,LOCAL
438528,2023-09-23,FC Barcelona,RC Celta de Vigo,2.6,0.8,2.6,5,0.8,1.4,0.8,5,1,2,LOCAL
438532,2023-09-23,UD Almería,Valencia CF,1.0,2.2,0.2,5,1.4,0.8,1.8,5,0,2,EMPATE
438526,2023-09-23,CA Osasuna,Sevilla FC,1.4,1.6,1.2,5,1.5,2.0,0.75,4,0,2,EMPATE
438524,2023-09-24,Club Atlético de Madrid,Real Madrid CF,2.5,1.0,1.75,4,2.0,0.6,3.0,5,1,2,LOCAL
441829,2023-09-24,Eintracht Frankfurt,SC Freiburg,1.0,0.75,1.5,4,1.25,2.5,1.5,4,0,2,EMPATE
435999,2023-09-24,Liverpool FC,West Ham United FC,2.4,0.8,2.6,5,2.0,1.4,2.0,5,1,2,LOCAL
435997,2023-09-24,Chelsea FC,Aston Villa FC,1.0,1.0,1.0,5,2.2,2.0,1.8,5,0,2,VISITANTE
435995,2023-09-24,Brighton & Hove Albion FC,AFC Bournemouth,3.0,1.4,2.4,5,0.8,1.6,0.6,5,1,2,LOCAL
435993,2023-09-24,Arsenal FC,Tottenham Hotspur FC,1.8,0.8,2.6,5,2.6,1.0,2.6,5,0,2,EMPATE
436002,2023-09-24,Sheffield United FC,Newcastle United FC,1.0,1.8,0.2,5,1.6,1.4,1.2,5,0,2,VISITANTE
438525,2023-09-24,Real Betis Balompié,Cádiz CF,1.0,2.0,1.4,5,1.0,1.4,1.4,5,0,2,EMPATE
438533,2023-09-24,UD Las Palmas,Granada CF,0.2,0.8,0.4,5,1.8,3.2,0.6,5,1,2,LOCAL
438530,2023-09-24,Rayo Vallecano de Madrid,Villarreal CF,1.2,1.6,1.8,5,1.6,2.0,1.2,5,0,2,EMPATE
438531,2023-09-24,Real Sociedad de Fútbol,Getafe CF,1.6,1.4,1.2,5,1.0,1.4,1.4,5,1,2,LOCAL
441828,2023-09-24,Bayer 04 Leverkusen,1. FC Heidenheim 1846,3.25,1.25,2.5,4,2.0,2.25,1.0,4,1,2,LOCAL
438539,2023-09-26,Sevilla FC,UD Almería,1.2,1.6,0.8,5,1.4,2.2,0.4,5,1,2,LOCAL
438542,2023-09-26,RCD Mallorca,FC Barcelona,1.2,1.8,0.8,5,3.2,1.2,3.0,5,0,2,EMPATE
438541,2023-09-27,Villarreal CF,Girona FC,1.6,1.8,1.4,5,3.0,1.2,3.0,5,0,2,VISITANTE
438540,2023-09-27,Valencia CF,Real Sociedad de Fútbol,1.4,1.0,1.4,5,2.2,1.8,1.6,5,0,2,VISITANTE
438537,2023-09-27,Cádiz CF,Rayo Vallecano de Madrid,1.0,1.6,1.0,5,1.0,1.8,1.4,5,0,2,EMPATE
438543,2023-09-27,Real Madrid CF,UD Las Palmas,1.8,1.2,2.4,5,0.2,0.6,0.8,5,1,2,LOCAL
438534,2023-09-27,Athletic Club,Getafe CF,2.2,0.4,2.6,5,1.6,2.2,1.2,5,0,2,EMPATE
438535,2023-09-28,CA Osasuna,Club Atlético de Madrid,1.0,1.6,0.8,5,2.6,1.0,2.0,5,0,2,VISITANTE
438538,2023-09-28,Granada CF,Real Betis Balompié,1.6,2.8,0.6,5,0.8,2.0,1.0,5,0,2,EMPATE
438536,2023-09-28,RC Celta de Vigo,Deportivo Alavés,1.2,1.6,0.8,5,1.0,1.6,1.2,5,0,2,EMPATE
438547,2023-09-29,FC Barcelona,Sevilla FC,3.2,1.6,2.6,5,2.0,1.4,1.4,5,1,2,LOCAL
441839,2023-09-29,TSG 1899 Hoffenheim,Borussia Dortmund,2.4,1.2,2.4,5,1.8,1.0,2.2,5,0,2,VISITANTE
436008,2023-09-30,Newcastle United FC,Burnley FC,2.2,1.2,1.2,5,0.8,2.6,0.2,5,1,2,LOCAL
436011,2023-09-30,West Ham United FC,Sheffield United FC,2.0,1.8,1.8,5,1.0,3.2,0.2,5,1,2,LOCAL
436005,2023-09-30,Everton FC,Luton Town FC,1.0,1.8,0.8,5,0.6,2.2,0.2,5,0,2,VISITANTE
436012,2023-09-30,Wolverhampton Wanderers FC,Manchester City FC,1.2,2.2,0.8,5,2.6,0.6,3.0,5,1,2,LOCAL
436003,2023-09-30,AFC Bournemouth,Arsenal FC,0.8,2.0,0.4,5,1.8,1.0,2.2,5,0,2,VISITANTE
436004,2023-09-30,Aston Villa FC,Brighton & Hove Albion FC,2.2,1.0,2.4,5,2.8,1.4,2.4,5,1,2,LOCAL
436007,2023-09-30,Manchester United FC,Crystal Palace FC,1.2,2.0,1.2,5,1.0,1.4,1.0,5,0,2,VISITANTE
436010,2023-09-30,Tottenham Hotspur FC,Liverpool FC,2.6,1.0,2.6,5,2.8,0.8,3.0,5,1,2,LOCAL
441837,2023-09-30,1. FSV Mainz 05,Bayer 04 Leverkusen,0.8,2.8,0.2,5,3.4,1.2,2.6,5,0,2,VISITANTE
441838,2023-09-30,1. FC Köln,VfB Stuttgart,0.8,1.8,0.2,5,3.4,1.4,2.4,5,0,2,VISITANTE
438548,2023-09-30,Getafe CF,Villarreal CF,2.0,2.0,1.4,5,1.6,2.2,0.8,5,0,2,EMPATE
438550,2023-09-30,Rayo Vallecano de Madrid,RCD Mallorca,0.6,1.8,1.0,5,1.6,2.0,1.0,5,0,2,EMPATE
438549,2023-09-30,Girona FC,Real Madrid CF,2.8,1.4,3.0,5,1.6,1.0,2.4,5,0,2,VISITANTE
438551,2023-09-30,Real Sociedad de Fútbol,Athletic Club,2.2,1.6,2.0,5,2.2,0.8,2.2,5,1,2,LOCAL
441834,2023-09-30,RB Leipzig,FC Bayern München,2.8,0.8,2.4,5,3.6,0.8,2.6,5,0,2,EMPATE
441841,2023-09-30,1. FC Heidenheim 1846,1. FC Union Berlin,1.8,2.6,0.8,5,1.8,1.8,1.2,5,1,2,LOCAL
441840,2023-09-30,VfL Bochum 1848,Borussia Mönchengladbach,0.8,3.2,0.6,5,1.6,2.6,0.4,5,0,2,VISITANTE
441836,2023-09-30,VfL Wolfsburg,Eintracht Frankfurt,1.4,1.2,1.8,5,0.8,0.6,1.4,5,1,2,LOCAL
438552,2023-10-01,UD Almería,Granada CF,1.4,2.6,0.4,5,1.8,2.6,0.8,5,0,2,EMPATE
438546,2023-10-01,Deportivo Alavés,CA Osasuna,0.4,1.2,0.8,5,1.0,1.6,0.8,5,0,2,VISITANTE
438544,2023-10-01,Club Atlético de Madrid,Cádiz CF,2.4,0.8,2.0,5,1.0,1.2,1.2,5,1,2,LOCAL
438545,2023-10-01,Real Betis Balompié,Valencia CF,1.0,2.2,1.0,5,1.2,1.2,0.8,5,1,2,LOCAL
441835,2023-10-01,SC Freiburg,FC Augsburg,1.0,2.0,1.4,5,1.8,2.6,1.0,5,1,2,LOCAL
436009,2023-10-01,Nottingham Forest FC,Brentford FC,1.2,1.4,1.4,5,1.4,1.4,1.0,5,0,2,EMPATE
441842,2023-10-01,SV Darmstadt 98,SV Werder Bremen,1.2,3.2,0.2,5,1.6,2.0,1.2,5,1,2,LOCAL
438553,2023-10-02,UD Las Palmas,RC Celta de Vigo,0.2,0.8,0.8,5,1.2,1.6,0.8,5,1,2,LOCAL
436006,2023-10-02,Fulham FC,Chelsea FC,0.8,2.0,1.0,5,0.8,1.0,0.8,5,0,2,VISITANTE
435957,2023-10-03,Luton Town FC,Burnley FC,0.8,1.6,0.8,5,0.8,2.4,0.2,5,0,2,VISITANTE
438554,2023-10-06,Athletic Club,UD Almería,1.4,1.0,1.6,5,1.8,3.0,0.4,5,1,2,LOCAL
441848,2023-10-06,Borussia Mönchengladbach,1. FSV Mainz 05,1.4,2.0,0.8,5,0.6,2.6,0.2,5,0,2,EMPATE
441851,2023-10-07,VfB Stuttgart,VfL Wolfsburg,2.8,1.4,2.4,5,1.4,1.2,1.8,5,1,2,LOCAL
441850,2023-10-07,FC Augsburg,SV Darmstadt 98,1.0,2.2,0.8,5,2.0,3.4,0.8,5,0,2,VISITANTE
441845,2023-10-07,RB Leipzig,VfL Bochum 1848,2.8,0.6,2.6,5,1.0,2.8,0.6,5,0,2,EMPATE
441844,2023-10-07,Borussia Dortmund,1. FC Union Berlin,2.2,1.2,2.2,5,1.0,1.8,0.6,5,1,2,LOCAL
441849,2023-10-07,SV Werder Bremen,TSG 1899 Hoffenheim,2.0,2.0,1.2,5,2.4,1.4,2.4,5,0,2,VISITANTE
436020,2023-10-07,Manchester United FC,Brentford FC,1.2,1.8,1.2,5,1.0,1.6,0.6,5,1,2,LOCAL
438560,2023-10-07,Sevilla FC,Rayo Vallecano de Madrid,1.4,0.8,1.4,5,1.0,0.8,1.2,5,0,2,EMPATE
436019,2023-10-07,Luton Town FC,Tottenham Hotspur FC,1.0,1.4,0.8,5,2.6,1.2,2.6,5,0,2,VISITANTE
436015,2023-10-07,Burnley FC,Chelsea FC,1.0,2.0,0.8,5,1.0,0.4,1.4,5,0,2,VISITANTE
436017,2023-10-07,Everton FC,AFC Bournemouth,1.2,1.4,0.8,5,0.6,2.2,0.4,5,1,2,LOCAL
436018,2023-10-07,Fulham FC,Sheffield United FC,0.8,1.8,1.0,5,0.8,3.2,0.2,5,1,2,LOCAL
436016,2023-10-07,Crystal Palace FC,Nottingham Forest FC,1.2,1.2,1.6,5,1.0,1.4,1.0,5,0,2,EMPATE
438562,2023-10-07,RCD Mallorca,Valencia CF,1.6,1.8,1.2,5,1.0,1.4,0.8,5,0,2,EMPATE
438563,2023-10-07,Real Madrid CF,CA Osasuna,2.0,1.0,2.4,5,1.0,1.4,0.8,5,1,2,LOCAL
438558,2023-10-07,Cádiz CF,Girona FC,1.2,1.6,1.0,5,2.4,1.8,2.4,5,0,2,VISITANTE
438555,2023-10-08,Club Atlético de Madrid,Real Sociedad de Fútbol,3.0,1.2,2.4,5,2.8,1.6,2.4,5,1,2,LOCAL
438556,2023-10-08,RC Celta de Vigo,Getafe CF,1.4,1.8,0.8,5,1.8,2.0,1.0,5,0,2,EMPATE
438557,2023-10-08,Deportivo Alavés,Real Betis Balompié,0.4,1.4,0.8,5,1.2,1.4,1.6,5,0,2,EMPATE
438559,2023-10-08,Granada CF,FC Barcelona,1.8,2.8,0.4,5,2.6,1.0,2.6,5,0,2,EMPATE
441847,2023-10-08,Eintracht Frankfurt,1. FC Heidenheim 1846,0.6,1.0,0.8,5,2.0,2.2,1.4,5,1,2,LOCAL
441843,2023-10-08,FC Bayern München,SC Freiburg,3.2,1.2,2.2,5,1.0,1.8,1.4,5,1,2,LOCAL
438561,2023-10-08,Villarreal CF,UD Las Palmas,1.0,1.4,1.0,5,0.6,1.0,1.2,5,0,2,VISITANTE
436022,2023-10-08,Wolverhampton Wanderers FC,Aston Villa FC,1.4,1.6,1.4,5,2.6,1.2,2.4,5,0,2,EMPATE
436021,2023-10-08,West Ham United FC,Newcastle United FC,1.8,1.6,1.8,5,2.6,1.0,1.8,5,0,2,EMPATE
436014,2023-10-08,Brighton & Hove Albion FC,Liverpool FC,2.2,2.4,1.8,5,2.4,1.0,2.4,5,0,2,EMPATE
441846,2023-10-08,Bayer 04 Leverkusen,1. FC Köln,3.4,0.8,2.6,5,0.8,2.0,0.2,5,1,2,LOCAL
436013,2023-10-08,Arsenal FC,Manchester City FC,2.4,1.0,2.2,5,2.6,1.0,2.4,5,1,2,LOCAL
441852,2023-10-20,Borussia Dortmund,SV Werder Bremen,2.8,1.4,2.6,5,2.4,2.4,1.2,5,1,2,LOCAL
438564,2023-10-20,CA Osasuna,Granada CF,0.8,1.8,0.8,5,1.6,2.2,0.6,5,1,2,LOCAL
438572,2023-10-21,Real Sociedad de Fútbol,RCD Mallorca,2.0,1.4,1.8,5,1.8,2.0,1.2,5,1,2,LOCAL
438567,2023-10-21,Getafe CF,Real Betis Balompié,2.0,2.0,1.2,5,1.2,1.6,1.2,5,0,2,EMPATE
436030,2023-10-21,Nottingham Forest FC,Luton Town FC,0.6,0.8,1.2,5,0.8,1.2,0.8,5,0,2,EMPATE
436029,2023-10-21,Newcastle United FC,Crystal Palace FC,2.8,1.0,2.0,5,1.0,1.0,1.6,5,1,2,LOCAL
436026,2023-10-21,Chelsea FC,Arsenal FC,1.2,0.6,1.4,5,2.2,0.6,2.6,5,0,2,EMPATE
436031,2023-10-21,Sheffield United FC,Manchester United FC,0.8,3.4,0.2,5,1.0,1.6,1.2,5,0,2,VISITANTE
436027,2023-10-21,Liverpool FC,Everton FC,2.4,1.2,2.0,5,1.8,1.2,1.4,5,1,2,LOCAL
438569,2023-10-21,Sevilla FC,Real Madrid CF,1.6,0.8,1.6,5,2.4,0.8,2.4,5,0,2,EMPATE
436028,2023-10-21,Manchester City FC,Brighton & Hove Albion FC,2.2,1.0,1.8,5,2.4,2.2,2.0,5,1,2,LOCAL
438565,2023-10-21,RC Celta de Vigo,Club Atlético de Madrid,1.2,1.8,0.4,5,2.0,1.4,2.4,5,0,2,VISITANTE
436023,2023-10-21,AFC Bournemouth,Wolverhampton Wanderers FC,0.6,2.4,0.4,5,1.4,1.8,1.0,5,0,2,VISITANTE
441853,2023-10-21,1. FC Union Berlin,VfB Stuttgart,0.6,2.4,0.0,5,3.2,0.6,3.0,5,0,2,VISITANTE
436025,2023-10-21,Brentford FC,Burnley FC,1.0,1.8,0.4,5,0.8,1.8,0.8,5,1,2,LOCAL
441858,2023-10-21,TSG 1899 Hoffenheim,Eintracht Frankfurt,2.4,1.4,2.4,5,0.8,0.8,1.2,5,0,2,VISITANTE
441860,2023-10-21,SV Darmstadt 98,RB Leipzig,2.2,2.8,1.4,5,1.8,0.4,2.2,5,0,2,VISITANTE
441854,2023-10-21,SC Freiburg,VfL Bochum 1848,0.8,2.4,0.8,5,0.8,2.6,0.6,5,1,2,LOCAL
441855,2023-10-21,VfL Wolfsburg,Bayer 04 Leverkusen,1.2,1.6,1.2,5,3.4,0.8,2.6,5,0,2,VISITANTE
441856,2023-10-21,1. FSV Mainz 05,FC Bayern München,0.8,2.8,0.2,5,3.2,1.0,2.2,5,0,2,VISITANTE
438571,2023-10-22,Villarreal CF,Deportivo Alavés,1.0,1.2,1.0,5,0.4,1.6,0.4,5,0,2,EMPATE
438566,2023-10-22,FC Barcelona,Athletic Club,2.6,1.2,2.2,5,2.0,1.0,2.0,5,1,2,LOCAL
438568,2023-10-22,Girona FC,UD Almería,2.4,1.8,2.4,5,1.4,3.0,0.4,5,1,2,LOCAL
441859,2023-10-22,1. FC Heidenheim 1846,FC Augsburg,1.6,2.0,1.4,5,1.0,2.0,0.8,5,0,2,VISITANTE
436024,2023-10-22,Aston Villa FC,West Ham United FC,2.2,1.2,2.0,5,1.6,1.8,1.4,5,1,2,LOCAL
441857,2023-10-22,1. FC Köln,Borussia Mönchengladbach,0.6,2.2,0.2,5,1.8,1.8,1.0,5,1,2,LOCAL
438573,2023-10-22,UD Las Palmas,Rayo Vallecano de Madrid,1.0,1.0,1.8,5,1.4,1.0,1.4,5,0,2,VISITANTE
438570,2023-10-23,Valencia CF,Cádiz CF,1.2,1.4,1.0,5,0.6,1.6,0.4,5,1,2,LOCAL
436032,2023-10-23,Tottenham Hotspur FC,Fulham FC,2.4,1.2,2.6,5,1.0,1.6,1.4,5,1,2,LOCAL
441867,2023-10-27,VfL Bochum 1848,1. FSV Mainz 05,0.6,2.6,0.4,5,1.0,2.6,0.2,5,0,2,EMPATE
436038,2023-10-27,Crystal Palace FC,Tottenham Hotspur FC,0.4,1.4,1.0,5,1.8,0.8,2.6,5,0,2,VISITANTE
438579,2023-10-27,Girona FC,RC Celta de Vigo,2.6,1.8,2.4,5,1.2,2.2,0.4,5,1,2,LOCAL
436033,2023-10-28,AFC Bournemouth,Burnley FC,0.4,2.4,0.2,5,0.6,2.2,0.6,5,1,2,LOCAL
441861,2023-10-28,FC Bayern München,SV Darmstadt 98,3.4,1.0,2.2,5,2.2,2.4,1.4,5,1,2,LOCAL
441868,2023-10-28,FC Augsburg,VfL Wolfsburg,1.6,2.0,1.2,5,1.2,1.4,1.2,5,1,2,LOCAL
436042,2023-10-28,Wolverhampton Wanderers FC,Newcastle United FC,1.4,1.4,1.6,5,3.4,0.4,2.6,5,0,2,EMPATE
436034,2023-10-28,Arsenal FC,Sheffield United FC,2.0,0.8,2.2,5,0.6,3.4,0.0,5,1,2,LOCAL
441866,2023-10-28,SV Werder Bremen,1. FC Union Berlin,1.6,2.6,0.6,5,0.6,2.4,0.0,5,1,2,LOCAL
441865,2023-10-28,Borussia Mönchengladbach,1. FC Heidenheim 1846,1.8,2.0,1.0,5,1.6,2.6,1.2,5,1,2,LOCAL
438583,2023-10-28,UD Almería,UD Las Palmas,1.6,3.6,0.4,5,1.0,1.0,1.8,5,0,2,VISITANTE
438577,2023-10-28,FC Barcelona,Real Madrid CF,1.8,1.2,2.2,5,2.2,0.8,2.0,5,0,2,VISITANTE
438582,2023-10-28,RCD Mallorca,Getafe CF,1.6,2.2,0.6,5,1.6,1.8,0.8,5,0,2,EMPATE
438578,2023-10-28,Cádiz CF,Sevilla FC,0.6,1.4,0.4,5,1.6,1.0,1.2,5,0,2,EMPATE
441862,2023-10-28,RB Leipzig,1. FC Köln,1.8,0.6,2.2,5,1.0,2.2,0.6,5,1,2,LOCAL
436037,2023-10-28,Chelsea FC,Brentford FC,1.6,0.8,1.6,5,1.2,1.4,0.8,5,0,2,VISITANTE
441869,2023-10-28,VfB Stuttgart,TSG 1899 Hoffenheim,2.8,0.6,3.0,5,2.0,1.8,1.8,5,0,2,VISITANTE
436040,2023-10-29,Manchester United FC,Manchester City FC,1.2,1.2,1.8,5,1.6,1.0,1.8,5,0,2,VISITANTE
441863,2023-10-29,Bayer 04 Leverkusen,SC Freiburg,2.8,0.8,2.6,5,1.2,1.6,1.4,5,1,2,LOCAL
441864,2023-10-29,Eintracht Frankfurt,Borussia Dortmund,1.2,0.8,1.6,5,2.6,1.0,3.0,5,0,2,EMPATE
438581,2023-10-29,Rayo Vallecano de Madrid,Real Sociedad de Fútbol,1.2,1.0,1.4,5,2.0,1.0,2.4,5,0,2,EMPATE
438574,2023-10-29,Athletic Club,Valencia CF,1.4,1.2,1.4,5,1.0,1.4,1.0,5,0,2,EMPATE
438576,2023-10-29,Real Betis Balompié,CA Osasuna,1.4,0.8,1.4,5,0.8,1.2,1.4,5,1,2,LOCAL
436036,2023-10-29,Brighton & Hove Albion FC,Fulham FC,2.0,2.4,1.4,5,0.8,1.0,1.4,5,0,2,EMPATE
436035,2023-10-29,Aston Villa FC,Luton Town FC,3.0,0.8,2.6,5,1.2,1.4,1.0,5,1,2,LOCAL
436041,2023-10-29,West Ham United FC,Everton FC,1.4,2.4,0.8,5,1.4,1.2,1.2,5,0,2,VISITANTE
438575,2023-10-29,Club Atlético de Madrid,Deportivo Alavés,2.6,0.8,3.0,5,0.6,1.4,0.6,5,1,2,LOCAL
436039,2023-10-29,Liverpool FC,Nottingham Forest FC,2.2,1.2,2.0,5,0.8,1.2,0.8,5,1,2,LOCAL
438580,2023-10-30,Granada CF,Villarreal CF,1.2,1.8,0.6,5,0.8,1.2,0.6,5,0,2,VISITANTE
441878,2023-11-03,SV Darmstadt 98,VfL Bochum 1848,1.6,3.4,1.2,5,0.8,2.8,0.4,5,0,2,VISITANTE
438593,2023-11-03,UD Las Palmas,Club Atlético de Madrid,1.2,1.2,1.8,5,2.4,0.8,3.0,5,1,2,LOCAL
436049,2023-11-04,Newcastle United FC,Arsenal FC,3.6,0.8,2.2,5,2.8,0.8,2.2,5,1,2,LOCAL
436051,2023-11-04,Sheffield United FC,Wolverhampton Wanderers FC,0.4,4.0,0.0,5,1.6,1.2,1.8,5,1,2,LOCAL
436048,2023-11-04,Manchester City FC,AFC Bournemouth,1.6,0.8,1.8,5,0.8,2.6,0.6,5,1,2,LOCAL
436045,2023-11-04,Everton FC,Brighton & Hove Albion FC,1.6,1.0,1.8,5,1.6,2.4,1.0,5,0,2,EMPATE
436044,2023-11-04,Burnley FC,Crystal Palace FC,0.8,2.4,0.6,5,0.4,1.2,1.0,5,0,2,VISITANTE
436043,2023-11-04,Brentford FC,West Ham United FC,1.6,1.2,1.4,5,1.2,2.0,0.8,5,1,2,LOCAL
436046,2023-11-04,Fulham FC,Manchester United FC,0.8,1.2,1.0,5,1.0,1.2,1.8,5,0,2,VISITANTE
441870,2023-11-04,Borussia Dortmund,FC Bayern München,2.4,1.2,2.6,5,4.6,0.6,2.6,5,0,2,VISITANTE
441876,2023-11-04,TSG 1899 Hoffenheim,Bayer 04 Leverkusen,2.0,2.0,1.8,5,2.8,0.6,3.0,5,0,2,VISITANTE
441875,2023-11-04,1. FC Köln,FC Augsburg,0.8,2.8,0.6,5,2.2,1.8,1.8,5,0,2,EMPATE
441874,2023-11-04,1. FSV Mainz 05,RB Leipzig,1.2,2.4,0.4,5,2.4,0.6,2.2,5,1,2,LOCAL
441872,2023-11-04,SC Freiburg,Borussia Mönchengladbach,1.0,1.2,1.4,5,1.6,1.6,1.4,5,0,2,EMPATE
441871,2023-11-04,1. FC Union Berlin,Eintracht Frankfurt,0.4,2.4,0.0,5,1.6,1.2,1.6,5,0,2,VISITANTE
438592,2023-11-04,Real Sociedad de Fútbol,FC Barcelona,1.6,0.8,2.0,5,1.4,1.2,1.6,5,0,2,VISITANTE
438586,2023-11-04,RC Celta de Vigo,Sevilla FC,0.8,1.8,0.4,5,2.0,1.4,1.2,5,0,2,EMPATE
438584,2023-11-04,Real Betis Balompié,RCD Mallorca,1.6,0.8,1.8,5,1.0,1.2,0.8,5,1,2,LOCAL
438585,2023-11-04,CA Osasuna,Girona FC,1.0,1.6,1.2,5,1.8,1.2,2.4,5,0,2,VISITANTE
436050,2023-11-05,Nottingham Forest FC,Aston Villa FC,0.6,1.6,0.6,5,3.0,0.8,2.6,5,1,2,LOCAL
436047,2023-11-05,Luton Town FC,Liverpool FC,1.2,1.8,0.8,5,2.2,1.0,2.0,5,0,2,EMPATE
438591,2023-11-05,Real Madrid CF,Rayo Vallecano de Madrid,2.4,0.4,2.6,5,1.4,1.2,1.4,5,0,2,EMPATE
438590,2023-11-05,Villarreal CF,Athletic Club,1.2,1.4,1.0,5,1.4,1.6,1.0,5,0,2,VISITANTE
438587,2023-11-05,Deportivo Alavés,UD Almería,0.8,1.4,0.6,5,1.4,3.6,0.2,5,1,2,LOCAL
441873,2023-11-05,VfL Wolfsburg,SV Werder Bremen,1.2,1.8,0.6,5,1.6,1.8,1.2,5,0,2,EMPATE
441877,2023-11-05,1. FC Heidenheim 1846,VfB Stuttgart,1.0,2.6,0.6,5,2.6,1.0,2.4,5,1,2,LOCAL
438589,2023-11-05,Valencia CF,Granada CF,1.0,1.4,1.0,5,1.6,2.2,0.6,5,1,2,LOCAL
438588,2023-11-06,Getafe CF,Cádiz CF,1.0,1.0,1.0,5,0.8,1.6,0.4,5,1,2,LOCAL
436052,2023-11-06,Tottenham Hotspur FC,Chelsea FC,1.8,0.8,2.6,5,1.6,1.2,1.4,5,0,2,VISITANTE
438594,2023-11-10,Athletic Club,RC Celta de Vigo,1.6,1.6,1.4,5,0.8,1.8,0.4,5,1,2,LOCAL
441882,2023-11-10,Borussia Mönchengladbach,VfL Wolfsburg,2.2,2.0,1.6,5,1.6,2.0,0.8,5,1,2,LOCAL
441887,2023-11-11,SV Darmstadt 98,1. FSV Mainz 05,1.6,3.2,1.2,5,1.4,2.0,1.0,5,0,2,EMPATE
441886,2023-11-11,VfB Stuttgart,Borussia Dortmund,2.0,1.2,1.8,5,2.2,2.0,2.0,5,1,2,LOCAL
441885,2023-11-11,FC Augsburg,TSG 1899 Hoffenheim,2.0,1.8,1.4,5,2.0,2.6,1.2,5,0,2,EMPATE
441879,2023-11-11,FC Bayern München,1. FC Heidenheim 1846,4.0,0.6,2.6,5,1.2,1.8,1.2,5,1,2,LOCAL
436053,2023-11-11,AFC Bournemouth,Newcastle United FC,0.8,3.2,0.6,5,2.2,0.8,2.2,5,1,2,LOCAL
436062,2023-11-11,Wolverhampton Wanderers FC,Tottenham Hotspur FC,1.6,1.4,1.6,5,1.6,1.2,2.4,5,1,2,LOCAL
436054,2023-11-11,Arsenal FC,Burnley FC,2.4,0.6,2.0,5,0.8,2.4,0.6,5,1,2,LOCAL
436058,2023-11-11,Crystal Palace FC,Everton FC,0.8,1.2,1.4,5,1.2,1.0,1.4,5,0,2,VISITANTE
441884,2023-11-11,VfL Bochum 1848,1. FC Köln,1.2,1.6,1.0,5,0.8,2.6,0.8,5,0,2,EMPATE
436060,2023-11-11,Manchester United FC,Luton Town FC,1.0,1.2,1.8,5,1.0,1.8,0.4,5,1,2,LOCAL
438602,2023-11-11,Real Madrid CF,Valencia CF,2.0,0.4,2.2,5,1.2,1.2,1.6,5,1,2,LOCAL
438598,2023-11-11,Granada CF,Getafe CF,1.4,2.2,0.4,5,0.8,0.6,1.4,5,0,2,EMPATE
438596,2023-11-11,CA Osasuna,UD Las Palmas,1.4,2.0,1.2,5,1.6,1.0,2.4,5,0,2,EMPATE
438603,2023-11-11,UD Almería,Real Sociedad de Fútbol,1.2,2.8,0.2,5,1.4,1.0,1.4,5,0,2,VISITANTE
438600,2023-11-11,Rayo Vallecano de Madrid,Girona FC,1.4,1.2,1.4,5,2.2,1.4,2.4,5,0,2,VISITANTE
441881,2023-11-12,Bayer 04 Leverkusen,1. FC Union Berlin,2.6,0.8,3.0,5,0.4,2.6,0.0,5,1,2,LOCAL
441880,2023-11-12,RB Leipzig,SC Freiburg,2.2,1.0,1.6,5,1.6,1.8,1.4,5,1,2,LOCAL
441883,2023-11-12,SV Werder Bremen,Eintracht Frankfurt,1.6,2.0,0.8,5,2.2,1.2,2.0,5,0,2,EMPATE
436055,2023-11-12,Aston Villa FC,Fulham FC,2.8,1.2,2.0,5,0.8,1.4,0.8,5,1,2,LOCAL
438595,2023-11-12,Club Atlético de Madrid,Villarreal CF,2.2,1.2,2.4,5,1.4,1.6,1.0,5,1,2,LOCAL
436056,2023-11-12,Brighton & Hove Albion FC,Sheffield United FC,1.2,2.4,0.6,5,0.8,2.6,0.6,5,0,2,EMPATE
436057,2023-11-12,Chelsea FC,Manchester City FC,2.4,1.2,2.0,5,2.4,1.0,1.8,5,0,2,EMPATE
436061,2023-11-12,West Ham United FC,Nottingham Forest FC,1.4,2.0,0.8,5,1.0,1.2,1.2,5,1,2,LOCAL
436059,2023-11-12,Liverpool FC,Brentford FC,1.8,1.0,1.6,5,2.0,1.0,2.0,5,1,2,LOCAL
438599,2023-11-12,Sevilla FC,Real Betis Balompié,1.2,1.4,0.8,5,1.8,0.6,2.2,5,0,2,EMPATE
438597,2023-11-12,FC Barcelona,Deportivo Alavés,1.2,0.8,2.0,5,0.8,1.2,1.0,5,1,2,LOCAL
438606,2023-11-24,Deportivo Alavés,Granada CF,1.0,1.2,1.0,5,1.0,1.8,0.4,5,1,2,LOCAL
441893,2023-11-24,1. FC Köln,FC Bayern München,1.0,2.4,1.0,5,4.4,0.6,3.0,5,0,2,VISITANTE
436064,2023-11-25,Burnley FC,West Ham United FC,0.6,2.8,0.0,5,1.6,2.4,0.8,5,0,2,VISITANTE
438612,2023-11-25,Rayo Vallecano de Madrid,FC Barcelona,1.2,1.2,1.2,5,1.4,1.0,2.0,5,0,2,EMPATE
438610,2023-11-25,Valencia CF,RC Celta de Vigo,1.4,1.6,1.6,5,1.2,2.2,0.4,5,0,2,EMPATE
438608,2023-11-25,Getafe CF,UD Almería,1.0,0.8,1.4,5,0.8,2.8,0.0,5,1,2,LOCAL
438604,2023-11-25,Club Atlético de Madrid,RCD Mallorca,2.2,1.0,2.4,5,0.6,1.2,0.6,5,1,2,LOCAL
436068,2023-11-25,Manchester City FC,Liverpool FC,3.0,1.4,2.0,5,2.2,0.6,2.2,5,0,2,EMPATE
441895,2023-11-25,SV Werder Bremen,Bayer 04 Leverkusen,1.6,1.6,1.0,5,2.8,0.8,3.0,5,0,2,VISITANTE
441892,2023-11-25,VfL Wolfsburg,RB Leipzig,1.2,2.8,0.2,5,2.4,0.8,2.0,5,1,2,LOCAL
441890,2023-11-25,SC Freiburg,SV Darmstadt 98,1.4,2.4,0.8,5,0.8,2.8,0.8,5,0,2,EMPATE
441889,2023-11-25,1. FC Union Berlin,FC Augsburg,0.4,3.2,0.0,5,2.2,1.6,1.6,5,0,2,EMPATE
441888,2023-11-25,Borussia Dortmund,Borussia Mönchengladbach,1.8,2.2,1.4,5,2.4,1.8,1.6,5,1,2,LOCAL
441891,2023-11-25,Eintracht Frankfurt,VfB Stuttgart,2.6,1.2,2.2,5,2.0,1.4,1.8,5,0,2,VISITANTE
436063,2023-11-25,Brentford FC,Arsenal FC,1.8,1.4,1.8,5,2.2,0.8,2.0,5,0,2,VISITANTE
436067,2023-11-25,Luton Town FC,Crystal Palace FC,0.8,1.6,0.4,5,1.0,1.8,0.8,5,1,2,LOCAL
436069,2023-11-25,Newcastle United FC,Chelsea FC,1.8,1.2,1.6,5,2.8,2.0,1.6,5,1,2,LOCAL
436070,2023-11-25,Nottingham Forest FC,Brighton & Hove Albion FC,1.2,1.6,1.0,5,1.2,1.4,0.8,5,0,2,VISITANTE
436071,2023-11-25,Sheffield United FC,AFC Bournemouth,1.0,2.4,0.8,5,1.2,2.4,1.2,5,0,2,VISITANTE
438611,2023-11-26,Villarreal CF,CA Osasuna,1.6,2.2,0.8,5,1.2,2.2,0.8,5,1,2,LOCAL
438613,2023-11-26,Real Sociedad de Fútbol,Sevilla FC,1.4,1.2,1.4,5,1.4,1.4,1.0,5,1,2,LOCAL
438607,2023-11-26,Cádiz CF,Real Madrid CF,0.8,1.8,0.2,5,2.4,0.6,2.2,5,0,2,VISITANTE
438605,2023-11-26,Real Betis Balompié,UD Las Palmas,1.4,0.8,1.8,5,1.4,1.0,2.0,5,1,2,LOCAL
441894,2023-11-26,TSG 1899 Hoffenheim,1. FSV Mainz 05,2.0,2.2,1.4,5,1.4,1.4,1.2,5,0,2,EMPATE
441896,2023-11-26,1. FC Heidenheim 1846,VfL Bochum 1848,1.4,2.6,0.6,5,1.2,1.2,1.2,5,0,2,EMPATE
436065,2023-11-26,Everton FC,Manchester United FC,1.6,1.0,2.0,5,1.2,1.0,2.4,5,0,2,VISITANTE
436072,2023-11-26,Tottenham Hotspur FC,Aston Villa FC,1.4,1.4,1.8,5,2.2,1.2,2.0,5,0,2,VISITANTE
436066,2023-11-27,Fulham FC,Wolverhampton Wanderers FC,1.0,1.6,0.8,5,1.6,1.4,1.6,5,1,2,LOCAL
438609,2023-11-27,Girona FC,Athletic Club,2.6,1.0,3.0,5,2.4,1.6,2.0,5,0,2,EMPATE
438601,2023-11-29,RCD Mallorca,Cádiz CF,0.2,1.0,0.4,5,0.4,1.8,0.2,5,0,2,EMPATE
441905,2023-12-01,SV Darmstadt 98,1. FC Köln,0.6,2.8,0.4,5,1.0,2.0,1.0,5,0,2,VISITANTE
438623,2023-12-01,UD Las Palmas,Getafe CF,1.0,1.0,1.4,5,1.0,0.6,1.8,5,1,2,LOCAL
441898,2023-12-02,RB Leipzig,1. FC Heidenheim 1846,2.6,1.2,1.8,5,1.4,2.2,0.8,5,1,2,LOCAL
436080,2023-12-02,Newcastle United FC,Manchester United FC,2.2,1.0,2.0,5,1.4,0.8,2.4,5,1,2,LOCAL
441902,2023-12-02,VfL Bochum 1848,VfL Wolfsburg,1.2,1.2,1.2,5,1.4,2.4,0.8,5,1,2,LOCAL
436081,2023-12-02,Nottingham Forest FC,Everton FC,1.6,2.2,0.8,5,1.0,1.6,1.4,5,0,2,VISITANTE
438615,2023-12-02,CA Osasuna,Real Sociedad de Fútbol,1.4,2.0,0.8,5,1.6,1.0,2.0,5,0,2,EMPATE
438621,2023-12-02,Real Madrid CF,Granada CF,2.2,0.6,2.2,5,0.8,2.0,0.2,5,1,2,LOCAL
438618,2023-12-02,Girona FC,Valencia CF,2.6,1.2,2.6,5,1.2,1.4,1.6,5,1,2,LOCAL
441901,2023-12-02,Borussia Mönchengladbach,TSG 1899 Hoffenheim,2.4,2.2,1.4,5,1.6,2.0,1.0,5,1,2,LOCAL
438614,2023-12-02,Athletic Club,Rayo Vallecano de Madrid,2.0,1.8,1.6,5,1.0,1.0,1.2,5,1,2,LOCAL
441904,2023-12-02,VfB Stuttgart,SV Werder Bremen,1.8,1.4,1.8,5,1.2,1.6,1.0,5,1,2,LOCAL
436075,2023-12-02,Brentford FC,Luton Town FC,1.6,1.2,1.8,5,1.2,1.6,1.0,5,1,2,LOCAL
436076,2023-12-02,Burnley FC,Sheffield United FC,0.6,2.4,0.0,5,1.0,2.4,0.8,5,1,2,LOCAL
436074,2023-12-02,Arsenal FC,Wolverhampton Wanderers FC,2.2,0.8,2.0,5,1.8,1.8,1.4,5,1,2,LOCAL
436073,2023-12-03,AFC Bournemouth,Aston Villa FC,1.8,2.0,1.8,5,2.4,1.2,2.4,5,0,2,EMPATE
436077,2023-12-03,Chelsea FC,Brighton & Hove Albion FC,2.2,2.6,1.0,5,1.4,1.4,1.2,5,1,2,LOCAL
436078,2023-12-03,Liverpool FC,Fulham FC,2.0,0.4,2.2,5,1.0,1.8,0.8,5,1,2,LOCAL
436082,2023-12-03,West Ham United FC,Crystal Palace FC,1.6,2.2,1.2,5,1.2,2.2,0.6,5,0,2,EMPATE
436079,2023-12-03,Manchester City FC,Tottenham Hotspur FC,3.2,1.4,2.2,5,1.4,1.8,1.2,5,0,2,EMPATE
438620,2023-12-03,RCD Mallorca,Deportivo Alavés,0.2,1.0,0.4,5,1.4,1.2,1.4,5,0,2,EMPATE
438622,2023-12-03,UD Almería,Real Betis Balompié,1.0,2.6,0.0,5,1.4,0.6,2.2,5,0,2,EMPATE
438617,2023-12-03,FC Barcelona,Club Atlético de Madrid,1.2,0.8,2.0,5,2.0,0.8,2.4,5,1,2,LOCAL
438619,2023-12-03,Sevilla FC,Villarreal CF,1.2,1.4,0.8,5,2.0,2.0,1.4,5,0,2,EMPATE
441899,2023-12-03,Bayer 04 Leverkusen,Borussia Dortmund,2.8,0.8,3.0,5,1.8,2.2,1.4,5,0,2,EMPATE
441900,2023-12-03,1. FSV Mainz 05,SC Freiburg,1.2,1.2,1.2,5,1.6,2.0,1.0,5,0,2,VISITANTE
441903,2023-12-03,FC Augsburg,Eintracht Frankfurt,2.2,1.4,1.8,5,2.4,1.6,1.6,5,1,2,LOCAL
438616,2023-12-04,RC Celta de Vigo,Cádiz CF,0.8,1.8,0.4,5,0.6,1.8,0.4,5,0,2,EMPATE
436087,2023-12-05,Luton Town FC,Arsenal FC,1.0,1.8,0.8,5,2.2,0.6,2.4,5,0,2,VISITANTE
436090,2023-12-05,Wolverhampton Wanderers FC,Burnley FC,1.6,2.0,0.8,5,1.6,1.8,0.6,5,1,2,LOCAL
436092,2023-12-06,Manchester United FC,Chelsea FC,1.0,0.8,1.8,5,2.4,2.6,1.4,5,1,2,LOCAL
436091,2023-12-06,Crystal Palace FC,AFC Bournemouth,1.4,1.6,0.8,5,2.0,2.0,2.0,5,0,2,VISITANTE
436088,2023-12-06,Sheffield United FC,Liverpool FC,0.8,3.0,0.8,5,2.4,1.0,2.2,5,0,2,VISITANTE
436086,2023-12-06,Fulham FC,Nottingham Forest FC,1.6,2.2,0.8,5,1.2,2.0,0.6,5,1,2,LOCAL
436084,2023-12-06,Brighton & Hove Albion FC,Brentford FC,1.6,1.6,1.2,5,1.6,1.4,1.8,5,1,2,LOCAL
436083,2023-12-06,Aston Villa FC,Manchester City FC,2.0,1.4,2.0,5,3.4,1.8,1.8,5,1,2,LOCAL
436089,2023-12-07,Tottenham Hotspur FC,West Ham United FC,1.6,2.4,0.8,5,1.6,1.6,1.4,5,0,2,VISITANTE
436085,2023-12-07,Everton FC,Newcastle United FC,1.2,1.2,2.0,5,1.6,1.0,2.0,5,1,2,LOCAL
441911,2023-12-08,TSG 1899 Hoffenheim,VfL Bochum 1848,1.6,1.8,1.0,5,1.6,1.0,1.8,5,1,2,LOCAL
438629,2023-12-08,Getafe CF,Valencia CF,0.8,0.8,1.6,5,1.0,1.8,1.0,5,1,2,LOCAL
436094,2023-12-09,Brighton & Hove Albion FC,Burnley FC,1.8,1.6,1.6,5,1.4,1.6,0.6,5,0,2,EMPATE
436100,2023-12-09,Sheffield United FC,Brentford FC,0.8,2.4,0.8,5,1.4,1.8,1.2,5,1,2,LOCAL
436102,2023-12-09,Wolverhampton Wanderers FC,Nottingham Forest FC,1.4,1.6,1.2,5,1.2,2.4,0.6,5,0,2,EMPATE
436093,2023-12-09,Aston Villa FC,Arsenal FC,1.6,1.2,2.0,5,2.0,1.2,2.4,5,1,2,LOCAL
441909,2023-12-09,VfL Wolfsburg,SC Freiburg,1.4,2.6,0.8,5,1.4,1.8,1.0,5,0,2,VISITANTE
441907,2023-12-09,1. FC Union Berlin,Borussia Mönchengladbach,0.2,2.6,0.2,5,2.6,1.8,2.0,5,1,2,LOCAL
441906,2023-12-09,Borussia Dortmund,RB Leipzig,1.8,2.4,1.0,5,2.4,1.2,1.8,5,0,2,VISITANTE
441914,2023-12-09,1. FC Heidenheim 1846,SV Darmstadt 98,1.2,1.6,0.8,5,0.4,2.4,0.4,5,1,2,LOCAL
441912,2023-12-09,SV Werder Bremen,FC Augsburg,1.2,1.8,1.0,5,1.6,1.2,1.8,5,1,2,LOCAL
441908,2023-12-09,Eintracht Frankfurt,FC Bayern München,2.0,1.8,1.0,5,4.0,0.6,3.0,5,1,2,LOCAL
436095,2023-12-09,Crystal Palace FC,Liverpool FC,1.2,1.6,0.8,5,2.2,1.0,2.2,5,0,2,VISITANTE
436099,2023-12-09,Manchester United FC,AFC Bournemouth,1.4,0.4,2.4,5,2.0,1.8,2.0,5,0,2,VISITANTE
438633,2023-12-09,RCD Mallorca,Sevilla FC,0.2,0.8,0.6,5,1.2,1.4,0.8,5,1,2,LOCAL
438631,2023-12-09,Villarreal CF,Real Sociedad de Fútbol,2.0,2.0,1.4,5,1.6,1.2,1.6,5,0,2,VISITANTE
438625,2023-12-09,Real Betis Balompié,Real Madrid CF,1.2,0.4,2.2,5,2.4,0.4,2.6,5,0,2,EMPATE
438626,2023-12-09,Deportivo Alavés,UD Las Palmas,1.2,1.0,1.4,5,1.4,0.8,2.0,5,0,2,VISITANTE
438627,2023-12-10,FC Barcelona,Girona FC,1.2,0.8,2.0,5,2.0,1.0,2.6,5,0,2,VISITANTE
436098,2023-12-10,Luton Town FC,Manchester City FC,1.4,2.0,0.8,5,2.8,2.0,1.2,5,0,2,VISITANTE
436101,2023-12-10,Tottenham Hotspur FC,Newcastle United FC,1.4,2.6,0.2,5,1.2,1.2,1.8,5,1,2,LOCAL
436097,2023-12-10,Fulham FC,West Ham United FC,2.4,2.0,1.2,5,2.0,1.6,2.0,5,1,2,LOCAL
438628,2023-12-10,Cádiz CF,CA Osasuna,0.8,1.6,0.6,5,1.2,2.2,0.4,5,0,2,EMPATE
438624,2023-12-10,Club Atlético de Madrid,UD Almería,1.4,1.0,1.8,5,0.6,1.6,0.2,5,1,2,LOCAL
441913,2023-12-10,VfB Stuttgart,Bayer 04 Leverkusen,1.6,1.4,1.8,5,2.6,0.8,2.6,5,0,2,EMPATE
441910,2023-12-10,1. FC Köln,1. FSV Mainz 05,0.6,1.8,1.0,5,1.0,0.8,1.2,5,0,2,EMPATE
436096,2023-12-10,Everton FC,Chelsea FC,1.6,1.2,2.0,5,2.6,2.6,1.4,5,1,2,LOCAL
438632,2023-12-11,Rayo Vallecano de Madrid,RC Celta de Vigo,0.8,1.8,0.6,5,1.0,1.4,0.6,5,0,2,EMPATE
438630,2023-12-11,Granada CF,Athletic Club,0.8,2.0,0.2,5,2.8,1.6,2.2,5,0,2,EMPATE
436111,2023-12-15,Nottingham Forest FC,Tottenham Hotspur FC,1.0,2.6,0.2,5,2.0,2.0,0.8,5,0,2,VISITANTE
441920,2023-12-15,Borussia Mönchengladbach,SV Werder Bremen,2.4,2.2,1.4,5,1.2,1.8,1.0,5,0,2,EMPATE
438635,2023-12-15,CA Osasuna,Rayo Vallecano de Madrid,1.2,2.0,0.6,5,0.4,1.4,0.6,5,1,2,LOCAL
441916,2023-12-16,RB Leipzig,TSG 1899 Hoffenheim,1.8,1.6,1.8,5,1.6,1.6,1.0,5,1,2,LOCAL
436107,2023-12-16,Chelsea FC,Sheffield United FC,1.8,2.8,0.8,5,0.6,2.2,0.8,5,1,2,LOCAL
436109,2023-12-16,Manchester City FC,Crystal Palace FC,2.0,2.0,1.2,5,1.0,2.0,0.2,5,0,2,EMPATE
436110,2023-12-16,Newcastle United FC,Fulham FC,1.2,2.0,1.2,5,3.4,1.8,1.8,5,1,2,LOCAL
436106,2023-12-16,Burnley FC,Everton FC,1.6,1.4,0.8,5,1.8,1.0,2.4,5,0,2,VISITANTE
438639,2023-12-16,Valencia CF,FC Barcelona,0.6,1.6,0.8,5,1.4,1.2,2.0,5,0,2,EMPATE
438634,2023-12-16,Athletic Club,Club Atlético de Madrid,2.6,1.4,2.2,5,1.4,1.0,1.8,5,1,2,LOCAL
438636,2023-12-16,RC Celta de Vigo,Granada CF,1.0,1.2,0.8,5,0.6,1.6,0.4,5,1,2,LOCAL
438638,2023-12-16,Sevilla FC,Getafe CF,0.8,1.2,0.6,5,1.0,0.8,2.0,5,0,2,VISITANTE
441919,2023-12-16,1. FSV Mainz 05,1. FC Heidenheim 1846,0.6,0.4,1.2,5,1.6,1.6,1.4,5,0,2,VISITANTE
441923,2023-12-16,SV Darmstadt 98,VfL Wolfsburg,0.8,1.4,0.4,5,1.0,2.2,0.8,5,0,2,VISITANTE
441922,2023-12-16,FC Augsburg,Borussia Dortmund,1.0,1.2,1.2,5,1.6,2.4,0.8,5,0,2,EMPATE
441921,2023-12-16,VfL Bochum 1848,1. FC Union Berlin,1.4,1.2,1.6,5,0.8,2.2,0.8,5,1,2,LOCAL
441917,2023-12-17,SC Freiburg,1. FC Köln,1.4,1.4,1.6,5,0.6,0.6,1.2,5,1,2,LOCAL
438642,2023-12-17,UD Almería,RCD Mallorca,0.6,1.6,0.2,5,0.4,0.8,1.0,5,0,2,EMPATE
438641,2023-12-17,Real Sociedad de Fútbol,Real Betis Balompié,1.8,0.8,2.0,5,1.0,0.4,1.8,5,0,2,EMPATE
438640,2023-12-17,Real Madrid CF,Villarreal CF,2.2,0.4,2.2,5,1.4,2.2,0.8,5,1,2,LOCAL
438643,2023-12-17,UD Las Palmas,Cádiz CF,1.2,0.6,2.0,5,0.6,1.4,0.6,5,0,2,EMPATE
441918,2023-12-17,Bayer 04 Leverkusen,Eintracht Frankfurt,2.4,0.8,2.2,5,2.4,1.4,1.4,5,1,2,LOCAL
436104,2023-12-17,Arsenal FC,Brighton & Hove Albion FC,2.0,1.2,2.4,5,1.8,1.6,1.6,5,1,2,LOCAL
441915,2023-12-17,FC Bayern München,VfB Stuttgart,3.6,1.4,2.4,5,1.4,1.0,2.0,5,1,2,LOCAL
436105,2023-12-17,Brentford FC,Aston Villa FC,0.8,1.6,0.6,5,1.8,0.8,2.6,5,0,2,VISITANTE
436112,2023-12-17,West Ham United FC,Wolverhampton Wanderers FC,1.6,2.0,2.0,5,1.4,1.4,1.4,5,1,2,LOCAL
436108,2023-12-17,Liverpool FC,Manchester United FC,2.4,1.0,2.6,5,1.2,1.0,1.8,5,0,2,EMPATE
438637,2023-12-18,Girona FC,Deportivo Alavés,2.6,1.4,2.6,5,1.0,0.8,1.4,5,1,2,LOCAL
438652,2023-12-19,Rayo Vallecano de Madrid,Valencia CF,0.4,1.6,0.4,5,0.6,1.8,0.4,5,0,2,VISITANTE
438650,2023-12-19,Granada CF,Sevilla FC,0.6,1.6,0.4,5,0.6,1.6,0.4,5,0,2,VISITANTE
441929,2023-12-19,TSG 1899 Hoffenheim,SV Darmstadt 98,1.4,1.6,1.0,5,0.6,1.2,0.4,5,0,2,EMPATE
441924,2023-12-19,Borussia Dortmund,1. FSV Mainz 05,1.8,1.8,1.0,5,0.2,0.6,0.6,5,0,2,EMPATE
441930,2023-12-19,SV Werder Bremen,RB Leipzig,1.2,1.8,1.0,5,2.4,1.4,2.4,5,0,2,EMPATE
438645,2023-12-19,Club Atlético de Madrid,Getafe CF,1.2,1.0,1.8,5,1.4,0.8,2.0,5,0,2,EMPATE
438648,2023-12-20,FC Barcelona,UD Almería,1.4,1.4,1.6,5,0.6,1.4,0.4,5,1,2,LOCAL
438644,2023-12-20,Athletic Club,UD Las Palmas,2.4,1.0,2.2,5,1.0,0.6,1.6,5,1,2,LOCAL
441928,2023-12-20,VfL Wolfsburg,FC Bayern München,0.8,1.8,1.2,5,2.6,1.4,2.4,5,0,2,VISITANTE
441927,2023-12-20,Eintracht Frankfurt,Borussia Mönchengladbach,1.8,2.0,0.8,5,2.2,2.0,1.4,5,1,2,LOCAL
441926,2023-12-20,Bayer 04 Leverkusen,VfL Bochum 1848,2.4,0.4,2.2,5,1.6,1.0,1.6,5,1,2,LOCAL
441925,2023-12-20,1. FC Union Berlin,1. FC Köln,0.8,2.4,0.8,5,0.4,0.8,1.0,5,1,2,LOCAL
438651,2023-12-20,Villarreal CF,RC Celta de Vigo,1.2,2.4,0.8,5,1.0,1.0,1.2,5,1,2,LOCAL
441931,2023-12-20,VfB Stuttgart,FC Augsburg,1.4,1.2,2.0,5,1.0,1.2,1.2,5,1,2,LOCAL
441932,2023-12-20,1. FC Heidenheim 1846,SC Freiburg,1.4,1.6,1.4,5,1.2,0.8,2.0,5,1,2,LOCAL
436114,2023-12-21,Crystal Palace FC,Brighton & Hove Albion FC,1.0,1.8,0.4,5,1.6,1.8,1.4,5,0,2,EMPATE
438646,2023-12-21,Real Betis Balompié,Girona FC,0.6,0.4,1.4,5,2.4,1.0,2.6,5,0,2,EMPATE
438649,2023-12-21,Cádiz CF,Real Sociedad de Fútbol,0.8,1.4,0.8,5,1.8,0.6,2.2,5,0,2,EMPATE
438647,2023-12-21,Deportivo Alavés,Real Madrid CF,0.8,1.4,0.8,5,3.0,0.6,2.6,5,0,2,VISITANTE
438653,2023-12-21,RCD Mallorca,CA Osasuna,0.4,0.4,1.2,5,1.0,1.2,1.2,5,1,2,LOCAL
436113,2023-12-22,Aston Villa FC,Sheffield United FC,1.6,0.8,2.6,5,0.4,2.4,0.6,5,0,2,EMPATE
436119,2023-12-23,Nottingham Forest FC,AFC Bournemouth,0.6,2.4,0.2,5,2.4,0.6,2.6,5,0,2,VISITANTE
436117,2023-12-23,Luton Town FC,Newcastle United FC,1.4,2.2,0.6,5,1.8,1.6,1.8,5,1,2,LOCAL
436115,2023-12-23,Fulham FC,Burnley FC,3.2,1.8,1.8,5,1.4,1.2,0.8,5,0,2,VISITANTE
436121,2023-12-23,West Ham United FC,Manchester United FC,1.6,1.6,2.0,5,1.0,1.0,1.4,5,1,2,LOCAL
436116,2023-12-23,Liverpool FC,Arsenal FC,1.8,1.0,2.2,5,1.8,1.0,2.4,5,0,2,EMPATE
436120,2023-12-23,Tottenham Hotspur FC,Everton FC,2.2,1.6,1.4,5,1.6,0.6,2.4,5,1,2,LOCAL
438504,2023-12-23,Club Atlético de Madrid,Sevilla FC,1.2,1.4,1.4,5,1.0,1.4,0.8,5,1,2,LOCAL
436122,2023-12-24,Wolverhampton Wanderers FC,Chelsea FC,1.0,1.8,0.8,5,1.4,2.0,1.2,5,1,2,LOCAL
436132,2023-12-26,Sheffield United FC,Luton Town FC,0.4,2.0,0.8,5,1.6,2.0,1.2,5,0,2,VISITANTE
436127,2023-12-26,Burnley FC,Liverpool FC,1.6,0.8,1.4,5,1.8,1.0,2.2,5,0,2,VISITANTE
436123,2023-12-26,AFC Bournemouth,Fulham FC,2.6,1.0,2.6,5,2.6,1.8,1.2,5,1,2,LOCAL
436131,2023-12-26,Newcastle United FC,Nottingham Forest FC,1.0,1.6,1.2,5,0.6,2.4,0.2,5,0,2,VISITANTE
436130,2023-12-26,Manchester United FC,Aston Villa FC,0.4,1.4,0.8,5,1.4,0.8,2.2,5,1,2,LOCAL
436128,2023-12-27,Chelsea FC,Crystal Palace FC,1.4,1.6,1.2,5,1.0,1.6,0.6,5,1,2,LOCAL
436129,2023-12-27,Everton FC,Manchester City FC,1.8,0.4,2.4,5,1.6,1.6,1.2,5,0,2,VISITANTE
436125,2023-12-27,Brentford FC,Wolverhampton Wanderers FC,1.0,1.4,0.6,5,1.0,1.4,1.4,5,0,2,VISITANTE
436126,2023-12-28,Brighton & Hove Albion FC,Tottenham Hotspur FC,1.2,1.6,1.0,5,2.4,1.4,2.0,5,1,2,LOCAL
436124,2023-12-28,Arsenal FC,West Ham United FC,1.8,1.2,2.0,5,1.6,1.4,2.0,5,0,2,VISITANTE
436138,2023-12-30,Manchester City FC,Sheffield United FC,2.0,1.6,1.6,5,0.8,1.6,0.8,5,1,2,LOCAL
436134,2023-12-30,Crystal Palace FC,Brentford FC,1.0,1.8,0.4,5,1.2,2.0,0.6,5,1,2,LOCAL
436142,2023-12-30,Wolverhampton Wanderers FC,Everton FC,1.6,1.2,2.0,5,1.8,1.0,1.8,5,1,2,LOCAL
436139,2023-12-30,Nottingham Forest FC,Manchester United FC,1.2,2.4,0.8,5,1.0,1.6,1.4,5,1,2,LOCAL
436133,2023-12-30,Aston Villa FC,Burnley FC,1.4,1.0,2.0,5,0.6,1.2,0.8,5,1,2,LOCAL
436137,2023-12-30,Luton Town FC,Chelsea FC,1.8,2.2,1.2,5,1.2,1.4,1.2,5,0,2,VISITANTE
436140,2023-12-31,Tottenham Hotspur FC,AFC Bournemouth,2.2,1.6,1.8,5,2.6,0.8,2.6,5,1,2,LOCAL
436135,2023-12-31,Fulham FC,Arsenal FC,2.0,1.6,1.2,5,1.4,1.4,1.4,5,1,2,LOCAL
436136,2024-01-01,Liverpool FC,Newcastle United FC,1.4,0.4,2.2,5,1.0,2.2,0.6,5,1,2,LOCAL
438660,2024-01-02,Valencia CF,Villarreal CF,0.6,0.8,1.0,5,1.6,2.2,1.4,5,1,2,LOCAL
438656,2024-01-02,Getafe CF,Rayo Vallecano de Madrid,1.8,1.2,2.0,5,0.2,1.4,0.4,5,0,2,VISITANTE
436141,2024-01-02,West Ham United FC,Brighton & Hove Albion FC,1.8,1.2,2.4,5,1.6,1.4,1.6,5,0,2,EMPATE
438662,2024-01-02,Real Sociedad de Fútbol,Deportivo Alavés,1.2,0.4,1.8,5,0.6,1.2,0.8,5,0,2,EMPATE
438658,2024-01-03,Granada CF,Cádiz CF,0.4,2.0,0.2,5,0.8,0.8,1.0,5,1,2,LOCAL
438655,2024-01-03,RC Celta de Vigo,Real Betis Balompié,0.8,0.8,1.2,5,0.6,0.4,1.4,5,1,2,LOCAL
438657,2024-01-03,Girona FC,Club Atlético de Madrid,2.2,1.0,2.2,5,1.2,1.4,1.4,5,1,2,LOCAL
438661,2024-01-03,Real Madrid CF,RCD Mallorca,2.2,0.4,2.6,5,1.0,0.6,1.8,5,1,2,LOCAL
438663,2024-01-04,UD Las Palmas,FC Barcelona,0.8,0.6,1.4,5,1.6,1.6,1.6,5,0,2,VISITANTE
438659,2024-01-04,Sevilla FC,Athletic Club,0.8,1.2,0.8,5,1.8,0.4,2.2,5,0,2,VISITANTE
438654,2024-01-04,CA Osasuna,UD Almería,1.2,1.6,1.0,5,0.8,1.4,0.4,5,1,2,LOCAL
436147,2024-01-12,Burnley FC,Luton Town FC,1.0,1.6,0.8,5,2.0,2.2,1.2,5,0,2,EMPATE
441933,2024-01-12,FC Bayern München,TSG 1899 Hoffenheim,2.2,1.6,2.4,5,1.8,2.0,1.0,5,1,2,LOCAL
438670,2024-01-12,Sevilla FC,Deportivo Alavés,0.6,1.4,0.6,5,0.2,1.2,0.4,5,0,2,VISITANTE
441941,2024-01-13,SV Darmstadt 98,Borussia Dortmund,1.2,1.8,0.4,5,1.8,1.6,1.2,5,0,2,VISITANTE
441940,2024-01-13,FC Augsburg,Bayer 04 Leverkusen,0.8,1.6,1.0,5,2.4,0.4,2.2,5,0,2,VISITANTE
441934,2024-01-13,RB Leipzig,Eintracht Frankfurt,2.0,1.4,2.0,5,1.8,1.8,1.2,5,0,2,VISITANTE
436148,2024-01-13,Chelsea FC,Fulham FC,1.6,1.4,1.8,5,1.4,1.8,1.2,5,1,2,LOCAL
436151,2024-01-13,Newcastle United FC,Manchester City FC,1.4,2.4,0.6,5,1.8,1.0,2.0,5,0,2,VISITANTE
441935,2024-01-13,SC Freiburg,1. FC Union Berlin,1.4,0.8,2.0,5,1.2,1.8,1.4,5,0,2,EMPATE
441936,2024-01-13,1. FSV Mainz 05,VfL Wolfsburg,0.4,0.8,0.6,5,1.0,1.4,1.2,5,0,2,EMPATE
441938,2024-01-13,1. FC Köln,1. FC Heidenheim 1846,0.2,1.0,0.8,5,1.6,1.2,2.0,5,0,2,EMPATE
438673,2024-01-13,UD Las Palmas,Villarreal CF,1.0,0.8,1.4,5,1.2,2.6,0.8,5,1,2,LOCAL
438671,2024-01-13,RCD Mallorca,RC Celta de Vigo,0.8,0.6,1.6,5,1.2,1.0,1.6,5,0,2,EMPATE
438664,2024-01-13,Athletic Club,Real Sociedad de Fútbol,2.0,0.2,2.6,5,1.0,0.4,1.4,5,1,2,LOCAL
438666,2024-01-13,Real Betis Balompié,Granada CF,0.6,0.8,0.8,5,0.6,1.4,0.8,5,1,2,LOCAL
438672,2024-01-14,UD Almería,Girona FC,0.6,1.2,0.4,5,2.8,1.4,2.6,5,0,2,EMPATE
436150,2024-01-14,Manchester United FC,Tottenham Hotspur FC,0.8,1.8,0.8,5,2.6,1.4,2.4,5,0,2,EMPATE
436149,2024-01-14,Everton FC,Aston Villa FC,1.2,1.6,1.2,5,1.8,1.4,2.0,5,0,2,EMPATE
441937,2024-01-14,Borussia Mönchengladbach,VfB Stuttgart,1.6,2.4,0.8,5,1.6,1.0,2.0,5,1,2,LOCAL
441939,2024-01-14,VfL Bochum 1848,SV Werder Bremen,1.4,1.6,1.4,5,1.0,1.6,1.0,5,0,2,EMPATE
438668,2024-01-14,Cádiz CF,Valencia CF,0.6,1.0,0.8,5,1.2,1.0,1.4,5,0,2,VISITANTE
438677,2024-01-19,Deportivo Alavés,Cádiz CF,0.8,1.6,0.8,5,0.6,1.6,0.6,5,1,2,LOCAL
436145,2024-01-20,Brentford FC,Nottingham Forest FC,0.8,2.4,0.0,5,1.6,1.6,1.4,5,1,2,LOCAL
436144,2024-01-20,Arsenal FC,Crystal Palace FC,0.8,1.2,0.8,5,1.6,1.6,1.0,5,1,2,LOCAL
438682,2024-01-20,Rayo Vallecano de Madrid,UD Las Palmas,0.4,1.2,0.8,5,1.2,0.8,1.4,5,0,2,VISITANTE
441948,2024-01-20,SC Freiburg,TSG 1899 Hoffenheim,1.2,0.6,2.0,5,1.6,2.4,0.8,5,1,2,LOCAL
438676,2024-01-20,RC Celta de Vigo,Real Sociedad de Fútbol,1.2,1.0,1.6,5,1.0,0.6,1.2,5,0,2,VISITANTE
441943,2024-01-20,1. FC Köln,Borussia Dortmund,0.4,1.0,1.0,5,1.6,1.2,1.2,5,0,2,VISITANTE
441946,2024-01-20,SV Darmstadt 98,Eintracht Frankfurt,1.0,2.2,0.2,5,1.8,1.4,1.8,5,0,2,EMPATE
441947,2024-01-20,1. FC Heidenheim 1846,VfL Wolfsburg,1.8,1.4,2.0,5,0.8,1.4,0.8,5,0,2,EMPATE
438680,2024-01-20,Valencia CF,Athletic Club,1.8,0.8,2.0,5,1.6,0.4,2.6,5,1,2,LOCAL
441950,2024-01-20,VfL Bochum 1848,VfB Stuttgart,1.6,1.8,1.4,5,1.4,1.4,1.4,5,1,2,LOCAL
441945,2024-01-20,RB Leipzig,Bayer 04 Leverkusen,1.8,1.2,2.0,5,2.0,0.4,2.2,5,0,2,VISITANTE
438681,2024-01-20,Villarreal CF,RCD Mallorca,1.0,3.0,0.6,5,1.0,0.8,1.6,5,0,2,EMPATE
438675,2024-01-21,CA Osasuna,Getafe CF,1.2,1.0,1.6,5,1.4,1.4,1.4,5,1,2,LOCAL
438683,2024-01-21,Real Madrid CF,UD Almería,1.8,0.4,2.6,5,0.6,1.2,0.4,5,1,2,LOCAL
438674,2024-01-21,Real Betis Balompié,FC Barcelona,0.8,0.8,1.2,5,1.8,1.6,2.0,5,0,2,VISITANTE
441949,2024-01-21,Borussia Mönchengladbach,FC Augsburg,1.8,1.8,1.4,5,0.6,1.6,0.8,5,0,2,VISITANTE
441942,2024-01-21,FC Bayern München,SV Werder Bremen,2.0,1.2,2.4,5,1.2,1.2,1.2,5,0,2,VISITANTE
438678,2024-01-21,Girona FC,Sevilla FC,2.4,1.2,2.2,5,1.0,1.8,0.6,5,1,2,LOCAL
436143,2024-01-21,AFC Bournemouth,Liverpool FC,2.4,1.0,2.4,5,1.8,0.8,2.2,5,0,2,VISITANTE
436152,2024-01-21,Sheffield United FC,West Ham United FC,0.8,1.6,0.8,5,1.4,1.0,2.0,5,0,2,EMPATE
436146,2024-01-22,Brighton & Hove Albion FC,Wolverhampton Wanderers FC,1.2,1.2,1.2,5,2.0,1.2,2.0,5,0,2,EMPATE
438679,2024-01-22,Granada CF,Club Atlético de Madrid,0.6,1.2,0.8,5,1.8,2.0,1.4,5,0,2,VISITANTE
441897,2024-01-24,FC Bayern München,1. FC Union Berlin,1.8,1.4,1.8,5,1.2,1.0,1.6,5,1,2,LOCAL
441954,2024-01-26,Eintracht Frankfurt,1. FSV Mainz 05,2.0,1.4,2.0,5,0.4,0.8,0.6,5,1,2,LOCAL
438692,2024-01-26,UD Almería,Deportivo Alavés,0.8,1.4,0.4,5,1.0,1.4,1.4,5,0,2,VISITANTE
438690,2024-01-27,RCD Mallorca,Real Betis Balompié,1.0,1.0,1.2,5,1.0,1.4,1.0,5,0,2,VISITANTE
438691,2024-01-27,Real Sociedad de Fútbol,Rayo Vallecano de Madrid,0.6,0.6,1.2,5,0.4,0.8,0.8,5,0,2,EMPATE
438693,2024-01-27,UD Las Palmas,Real Madrid CF,1.4,0.8,1.4,5,2.0,0.8,2.6,5,0,2,VISITANTE
441955,2024-01-27,Bayer 04 Leverkusen,Borussia Mönchengladbach,2.4,0.6,2.6,5,1.6,2.0,0.8,5,0,2,EMPATE
441958,2024-01-27,TSG 1899 Hoffenheim,1. FC Heidenheim 1846,1.8,2.6,0.8,5,1.8,1.2,2.2,5,0,2,EMPATE
441956,2024-01-27,VfL Wolfsburg,1. FC Köln,0.8,1.0,1.0,5,0.2,1.8,0.4,5,0,2,EMPATE
441951,2024-01-27,FC Augsburg,FC Bayern München,0.6,1.6,0.8,5,1.8,0.4,2.4,5,0,2,VISITANTE
441952,2024-01-27,VfB Stuttgart,RB Leipzig,1.0,1.6,0.8,5,1.8,1.6,1.4,5,1,2,LOCAL
441953,2024-01-27,SV Werder Bremen,SC Freiburg,1.4,0.8,1.8,5,1.6,1.0,2.0,5,1,2,LOCAL
438686,2024-01-27,FC Barcelona,Villarreal CF,2.4,2.0,2.0,5,1.2,2.6,0.8,5,0,2,VISITANTE
438687,2024-01-28,Cádiz CF,Athletic Club,0.4,1.6,0.4,5,1.4,0.4,2.4,5,0,2,EMPATE
441957,2024-01-28,Borussia Dortmund,VfL Bochum 1848,2.2,1.0,1.6,5,1.2,1.6,1.4,5,1,2,LOCAL
438684,2024-01-28,Club Atlético de Madrid,Valencia CF,1.6,1.8,1.4,5,2.0,0.6,2.6,5,1,2,LOCAL
438689,2024-01-28,Sevilla FC,CA Osasuna,1.2,2.2,0.6,5,1.6,1.2,2.0,5,0,2,EMPATE
441959,2024-01-28,1. FC Union Berlin,SV Darmstadt 98,1.0,1.0,1.4,5,1.4,2.4,0.4,5,1,2,LOCAL
438685,2024-01-28,RC Celta de Vigo,Girona FC,1.2,1.2,1.4,5,2.6,1.0,2.2,5,0,2,VISITANTE
438688,2024-01-29,Getafe CF,Granada CF,1.8,1.6,1.4,5,0.4,1.2,0.6,5,1,2,LOCAL
436158,2024-01-30,Aston Villa FC,Newcastle United FC,1.6,1.4,1.6,5,1.6,2.2,0.6,5,0,2,VISITANTE
436153,2024-01-30,Nottingham Forest FC,Arsenal FC,1.8,2.0,1.2,5,1.8,1.0,1.4,5,0,2,VISITANTE
436155,2024-01-30,Luton Town FC,Brighton & Hove Albion FC,1.6,1.6,1.4,5,1.0,1.0,1.2,5,1,2,LOCAL
436156,2024-01-30,Fulham FC,Everton FC,0.4,2.0,0.6,5,0.8,1.6,0.8,5,0,2,EMPATE
436157,2024-01-30,Crystal Palace FC,Sheffield United FC,1.4,2.2,1.0,5,1.0,2.0,0.4,5,1,2,LOCAL
438667,2024-01-31,FC Barcelona,CA Osasuna,2.6,2.2,2.0,5,1.6,1.2,2.0,5,1,2,LOCAL
436162,2024-01-31,Liverpool FC,Chelsea FC,2.2,0.6,2.2,5,1.8,1.0,2.4,5,1,2,LOCAL
438665,2024-01-31,Club Atlético de Madrid,Rayo Vallecano de Madrid,2.0,1.4,2.0,5,0.4,0.8,0.8,5,1,2,LOCAL
436161,2024-01-31,Manchester City FC,Burnley FC,2.4,1.2,2.6,5,1.0,1.6,0.8,5,1,2,LOCAL
436159,2024-01-31,Tottenham Hotspur FC,Brentford FC,2.2,1.6,2.0,5,1.2,2.4,0.6,5,1,2,LOCAL
436154,2024-02-01,West Ham United FC,AFC Bournemouth,1.8,0.4,2.2,5,2.0,1.8,1.8,5,0,2,EMPATE
438669,2024-02-01,Getafe CF,Real Madrid CF,2.0,1.6,1.4,5,2.2,0.8,3.0,5,0,2,VISITANTE
436160,2024-02-01,Wolverhampton Wanderers FC,Manchester United FC,1.8,1.0,2.0,5,1.2,1.6,1.0,5,0,2,VISITANTE
438694,2024-02-02,Athletic Club,RCD Mallorca,1.0,0.4,2.0,5,1.0,1.2,1.0,5,1,2,LOCAL
441960,2024-02-02,1. FC Heidenheim 1846,Borussia Dortmund,1.4,1.0,1.8,5,2.4,0.6,2.2,5,0,2,EMPATE
441968,2024-02-03,SC Freiburg,VfB Stuttgart,1.6,1.6,1.4,5,1.8,1.8,1.2,5,0,2,VISITANTE
441962,2024-02-03,SV Darmstadt 98,Bayer 04 Leverkusen,1.0,2.0,0.4,5,2.2,0.4,2.6,5,0,2,VISITANTE
441964,2024-02-03,FC Bayern München,Borussia Mönchengladbach,1.8,0.8,2.4,5,1.4,1.4,1.0,5,1,2,LOCAL
441966,2024-02-03,1. FSV Mainz 05,SV Werder Bremen,0.4,0.8,0.6,5,1.6,1.0,1.8,5,0,2,VISITANTE
441967,2024-02-03,VfL Bochum 1848,FC Augsburg,1.2,1.6,1.4,5,1.0,1.8,0.8,5,0,2,EMPATE
438698,2024-02-03,Girona FC,Real Sociedad de Fútbol,2.2,1.0,2.2,5,0.6,0.6,1.2,5,0,2,EMPATE
438697,2024-02-03,Deportivo Alavés,FC Barcelona,1.6,0.8,2.0,5,2.6,2.0,2.4,5,0,2,VISITANTE
438699,2024-02-03,Granada CF,UD Las Palmas,0.4,1.4,0.6,5,1.4,1.0,1.2,5,0,2,EMPATE
438700,2024-02-03,Valencia CF,UD Almería,1.8,0.8,2.4,5,0.8,2.0,0.2,5,1,2,LOCAL
436169,2024-02-03,Everton FC,Tottenham Hotspur FC,0.4,1.6,0.4,5,2.4,2.0,2.0,5,0,2,EMPATE
436166,2024-02-03,Brighton & Hove Albion FC,Crystal Palace FC,1.0,1.4,1.2,5,1.6,2.2,1.4,5,1,2,LOCAL
436167,2024-02-03,Burnley FC,Fulham FC,1.2,1.8,0.8,5,0.4,1.4,0.8,5,0,2,EMPATE
436171,2024-02-03,Newcastle United FC,Luton Town FC,1.6,2.4,0.6,5,2.2,1.2,2.0,5,0,2,EMPATE
436172,2024-02-03,Sheffield United FC,Aston Villa FC,1.4,2.2,0.4,5,1.4,1.8,1.0,5,0,2,VISITANTE
441963,2024-02-03,1. FC Köln,Eintracht Frankfurt,0.4,2.0,0.4,5,1.2,1.2,2.0,5,1,2,LOCAL
438703,2024-02-04,Real Madrid CF,Club Atlético de Madrid,1.8,0.6,3.0,5,1.8,1.0,2.4,5,0,2,EMPATE
441961,2024-02-04,RB Leipzig,1. FC Union Berlin,1.6,2.2,0.8,5,0.6,0.8,1.4,5,1,2,LOCAL
438695,2024-02-04,Real Betis Balompié,Getafe CF,1.2,1.4,1.4,5,1.4,2.0,0.8,5,0,2,EMPATE
441965,2024-02-04,VfL Wolfsburg,TSG 1899 Hoffenheim,1.0,1.0,1.2,5,1.4,2.6,0.4,5,0,2,EMPATE
438696,2024-02-04,CA Osasuna,RC Celta de Vigo,1.4,1.4,1.4,5,1.0,1.4,0.8,5,0,2,VISITANTE
436163,2024-02-04,AFC Bournemouth,Nottingham Forest FC,1.6,2.0,1.4,5,2.0,2.0,1.2,5,0,2,EMPATE
436168,2024-02-04,Chelsea FC,Wolverhampton Wanderers FC,1.6,1.8,1.8,5,2.4,1.2,2.0,5,0,2,VISITANTE
436164,2024-02-04,Arsenal FC,Liverpool FC,1.8,1.2,1.4,5,3.0,0.8,2.6,5,1,2,LOCAL
436170,2024-02-04,Manchester United FC,West Ham United FC,2.0,2.2,1.4,5,1.4,0.6,1.8,5,1,2,LOCAL
438701,2024-02-04,Villarreal CF,Cádiz CF,2.0,2.4,1.4,5,0.2,1.4,0.4,5,0,2,EMPATE
436165,2024-02-05,Brentford FC,Manchester City FC,1.6,2.8,0.6,5,2.6,1.2,2.6,5,0,2,VISITANTE
438702,2024-02-05,Rayo Vallecano de Madrid,Sevilla FC,0.6,1.0,0.8,5,0.8,2.4,0.2,5,0,2,VISITANTE
441944,2024-02-07,1. FSV Mainz 05,1. FC Union Berlin,0.4,1.0,0.4,5,0.6,0.6,1.4,5,0,2,EMPATE
438706,2024-02-09,Cádiz CF,Real Betis Balompié,0.2,1.4,0.4,5,1.2,1.4,1.4,5,0,2,VISITANTE
441971,2024-02-09,Borussia Dortmund,SC Freiburg,2.2,0.4,2.2,5,1.4,2.2,0.8,5,1,2,LOCAL
441969,2024-02-10,Bayer 04 Leverkusen,FC Bayern München,2.0,0.4,2.6,5,2.0,0.8,2.4,5,1,2,LOCAL
441975,2024-02-10,Eintracht Frankfurt,VfL Bochum 1848,1.2,1.0,2.0,5,0.8,1.8,1.0,5,0,2,EMPATE
436178,2024-02-10,Manchester City FC,Everton FC,2.8,1.0,3.0,5,0.6,1.6,0.6,5,1,2,LOCAL
441972,2024-02-10,1. FC Union Berlin,VfL Wolfsburg,0.4,0.8,1.0,5,1.2,1.4,0.8,5,1,2,LOCAL
441970,2024-02-10,FC Augsburg,RB Leipzig,1.0,1.8,0.8,5,1.4,2.0,0.8,5,0,2,EMPATE
436179,2024-02-10,Nottingham Forest FC,Newcastle United FC,1.8,1.6,1.4,5,2.4,3.0,0.8,5,0,2,VISITANTE
441977,2024-02-10,Borussia Mönchengladbach,SV Darmstadt 98,1.2,1.6,0.8,5,1.0,2.2,0.4,5,0,2,EMPATE
436182,2024-02-10,Wolverhampton Wanderers FC,Brentford FC,2.8,1.4,2.0,5,1.6,3.0,0.6,5,0,2,VISITANTE
436180,2024-02-10,Tottenham Hotspur FC,Brighton & Hove Albion FC,2.4,2.2,1.6,5,1.6,1.4,1.6,5,1,2,LOCAL
436177,2024-02-10,Luton Town FC,Sheffield United FC,2.8,2.0,1.6,5,1.2,3.0,0.2,5,0,2,VISITANTE
436176,2024-02-10,Liverpool FC,Burnley FC,3.0,1.2,2.4,5,1.2,2.2,0.4,5,1,2,LOCAL
438713,2024-02-10,UD Las Palmas,Valencia CF,1.6,1.0,1.4,5,2.0,1.0,2.4,5,1,2,LOCAL
438710,2024-02-10,Real Madrid CF,Girona FC,1.8,0.8,2.6,5,2.0,0.8,2.2,5,1,2,LOCAL
438711,2024-02-10,Real Sociedad de Fútbol,CA Osasuna,0.6,0.6,1.2,5,1.0,1.4,1.4,5,0,2,VISITANTE
438704,2024-02-10,Deportivo Alavés,Villarreal CF,1.8,1.2,2.0,5,1.4,2.0,1.0,5,0,2,EMPATE
436175,2024-02-10,Fulham FC,AFC Bournemouth,0.8,1.4,1.0,5,1.2,1.8,1.0,5,1,2,LOCAL
441976,2024-02-10,SV Werder Bremen,1. FC Heidenheim 1846,1.4,0.6,2.2,5,1.2,1.0,1.4,5,0,2,VISITANTE
436173,2024-02-11,Aston Villa FC,Manchester United FC,2.2,1.6,1.4,5,2.6,1.8,2.0,5,0,2,VISITANTE
436181,2024-02-11,West Ham United FC,Arsenal FC,1.0,1.2,1.2,5,2.2,1.2,1.8,5,0,2,VISITANTE
441974,2024-02-11,TSG 1899 Hoffenheim,1. FC Köln,1.6,2.4,0.6,5,0.8,1.6,1.0,5,0,2,EMPATE
438705,2024-02-11,FC Barcelona,Granada CF,2.6,1.8,2.4,5,0.6,1.0,0.8,5,0,2,EMPATE
438708,2024-02-11,Sevilla FC,Club Atlético de Madrid,1.2,2.4,0.8,5,1.8,1.2,2.0,5,1,2,LOCAL
438709,2024-02-11,RCD Mallorca,Rayo Vallecano de Madrid,0.4,1.6,0.4,5,0.8,1.2,0.8,5,1,2,LOCAL
438707,2024-02-11,Getafe CF,RC Celta de Vigo,1.0,1.6,0.8,5,1.2,0.8,1.4,5,1,2,LOCAL
441973,2024-02-11,VfB Stuttgart,1. FSV Mainz 05,2.4,1.4,1.8,5,0.6,1.0,0.6,5,1,2,LOCAL
438712,2024-02-12,UD Almería,Athletic Club,0.6,1.8,0.2,5,1.6,0.4,2.0,5,0,2,EMPATE
436174,2024-02-12,Crystal Palace FC,Chelsea FC,1.6,2.8,1.2,5,1.8,2.2,1.8,5,0,2,VISITANTE
441984,2024-02-16,1. FC Köln,SV Werder Bremen,1.0,1.4,1.2,5,1.4,0.8,2.0,5,0,2,VISITANTE
438721,2024-02-16,Villarreal CF,Getafe CF,1.4,1.6,1.2,5,1.6,1.6,1.4,5,0,2,EMPATE
441979,2024-02-17,VfL Wolfsburg,Borussia Dortmund,1.0,1.2,0.8,5,2.6,0.2,2.6,5,0,2,EMPATE
441980,2024-02-17,TSG 1899 Hoffenheim,1. FC Union Berlin,1.2,2.0,0.6,5,0.6,0.8,1.4,5,0,2,VISITANTE
441981,2024-02-17,1. FC Heidenheim 1846,Bayer 04 Leverkusen,1.0,0.8,1.4,5,1.8,0.4,2.6,5,0,2,VISITANTE
441985,2024-02-17,1. FSV Mainz 05,FC Augsburg,0.6,1.4,0.4,5,1.4,1.6,1.0,5,1,2,LOCAL
441986,2024-02-17,SV Darmstadt 98,VfB Stuttgart,0.4,1.6,0.4,5,2.4,1.6,1.8,5,0,2,VISITANTE
441983,2024-02-17,RB Leipzig,Borussia Mönchengladbach,1.6,2.2,0.8,5,1.0,1.2,1.0,5,1,2,LOCAL
436184,2024-02-17,Burnley FC,Arsenal FC,1.4,2.4,0.4,5,3.4,0.8,2.4,5,0,2,VISITANTE
436186,2024-02-17,Fulham FC,Aston Villa FC,1.4,1.0,1.6,5,2.0,1.4,1.4,5,0,2,VISITANTE
436189,2024-02-17,Newcastle United FC,AFC Bournemouth,2.8,2.8,1.4,5,0.8,2.4,0.4,5,0,2,EMPATE
436190,2024-02-17,Nottingham Forest FC,West Ham United FC,1.6,2.0,0.8,5,0.6,2.4,0.6,5,1,2,LOCAL
436192,2024-02-17,Tottenham Hotspur FC,Wolverhampton Wanderers FC,2.4,1.6,2.2,5,2.0,1.6,1.4,5,0,2,VISITANTE
436188,2024-02-17,Manchester City FC,Chelsea FC,2.6,0.8,3.0,5,2.0,2.2,1.8,5,0,2,EMPATE
438715,2024-02-17,Club Atlético de Madrid,UD Las Palmas,1.2,0.6,2.0,5,1.8,0.6,2.0,5,1,2,LOCAL
436183,2024-02-17,Brentford FC,Liverpool FC,1.8,2.2,1.2,5,3.2,1.4,2.4,5,0,2,VISITANTE
438720,2024-02-17,Valencia CF,Sevilla FC,1.4,1.2,1.8,5,1.4,2.0,1.4,5,0,2,EMPATE
438718,2024-02-17,RC Celta de Vigo,FC Barcelona,1.2,1.2,0.8,5,2.8,2.2,2.0,5,0,2,VISITANTE
438717,2024-02-17,CA Osasuna,Cádiz CF,1.0,1.4,1.4,5,0.2,1.4,0.4,5,1,2,LOCAL
441982,2024-02-18,SC Freiburg,Eintracht Frankfurt,1.0,2.2,0.8,5,1.0,1.0,1.6,5,0,2,EMPATE
436187,2024-02-18,Luton Town FC,Manchester United FC,2.4,2.2,1.0,5,2.4,1.6,2.0,5,0,2,VISITANTE
436191,2024-02-18,Sheffield United FC,Brighton & Hove Albion FC,1.4,2.6,0.8,5,1.0,1.4,1.0,5,0,2,VISITANTE
438719,2024-02-18,Granada CF,UD Almería,0.8,1.6,0.4,5,0.6,1.6,0.4,5,0,2,EMPATE
438723,2024-02-18,RCD Mallorca,Real Sociedad de Fútbol,0.8,1.6,1.0,5,0.4,0.6,1.0,5,0,2,VISITANTE
438716,2024-02-18,Real Betis Balompié,Deportivo Alavés,1.4,1.0,2.0,5,1.8,1.2,2.0,5,0,2,EMPATE
438722,2024-02-18,Rayo Vallecano de Madrid,Real Madrid CF,0.6,1.6,0.2,5,2.4,0.8,2.6,5,0,2,EMPATE
441978,2024-02-18,VfL Bochum 1848,FC Bayern München,1.0,1.2,1.2,5,1.4,1.4,1.8,5,1,2,LOCAL
436185,2024-02-19,Everton FC,Crystal Palace FC,0.4,1.4,0.6,5,1.6,3.0,1.2,5,0,2,EMPATE
438714,2024-02-19,Athletic Club,Girona FC,1.2,0.4,1.6,5,1.2,1.0,1.6,5,1,2,LOCAL
436118,2024-02-20,Manchester City FC,Brentford FC,2.4,1.0,2.6,5,1.8,2.4,1.2,5,1,2,LOCAL
436199,2024-02-21,Liverpool FC,Luton Town FC,3.2,1.2,2.4,5,2.2,2.0,1.0,5,1,2,LOCAL
438731,2024-02-23,Real Sociedad de Fútbol,Villarreal CF,0.6,0.4,1.6,5,1.6,1.2,1.4,5,0,2,VISITANTE
441990,2024-02-23,Bayer 04 Leverkusen,1. FSV Mainz 05,2.0,0.6,2.6,5,0.6,1.2,0.8,5,1,2,LOCAL
436198,2024-02-24,Crystal Palace FC,Burnley FC,1.2,3.0,0.8,5,1.0,2.8,0.4,5,1,2,LOCAL
438732,2024-02-24,UD Almería,Club Atlético de Madrid,0.8,1.8,0.4,5,2.0,0.6,2.0,5,0,2,EMPATE
438725,2024-02-24,Deportivo Alavés,RCD Mallorca,1.2,0.8,1.6,5,0.8,1.8,0.8,5,0,2,EMPATE
438726,2024-02-24,FC Barcelona,Getafe CF,2.4,2.0,2.0,5,1.4,1.2,1.6,5,1,2,LOCAL
441987,2024-02-24,FC Bayern München,RB Leipzig,1.8,1.8,1.8,5,2.0,2.0,1.4,5,1,2,LOCAL
441993,2024-02-24,Borussia Mönchengladbach,VfL Bochum 1848,0.4,1.4,0.4,5,1.4,1.4,1.6,5,1,2,LOCAL
441995,2024-02-24,SV Werder Bremen,SV Darmstadt 98,1.4,0.6,2.4,5,0.6,1.4,0.4,5,0,2,EMPATE
436195,2024-02-24,Aston Villa FC,Nottingham Forest FC,1.8,1.2,1.4,5,1.6,1.8,0.8,5,1,2,LOCAL
436196,2024-02-24,Brighton & Hove Albion FC,Everton FC,2.0,1.4,1.4,5,0.6,1.0,0.8,5,0,2,EMPATE
441991,2024-02-24,VfB Stuttgart,1. FC Köln,2.6,1.2,2.4,5,0.8,1.4,1.0,5,0,2,EMPATE
436200,2024-02-24,Manchester United FC,Fulham FC,2.6,1.4,2.6,5,1.2,1.2,1.0,5,0,2,VISITANTE
436193,2024-02-24,AFC Bournemouth,Manchester City FC,1.0,2.2,0.6,5,2.0,0.6,2.6,5,0,2,VISITANTE
436194,2024-02-24,Arsenal FC,Newcastle United FC,4.2,0.4,3.0,5,2.8,2.4,1.6,5,1,2,LOCAL
441994,2024-02-24,1. FC Union Berlin,1. FC Heidenheim 1846,0.8,0.6,2.0,5,1.0,1.0,1.2,5,0,2,EMPATE
438733,2024-02-25,UD Las Palmas,CA Osasuna,1.2,1.6,1.4,5,0.8,1.0,1.4,5,0,2,EMPATE
441989,2024-02-25,Eintracht Frankfurt,VfL Wolfsburg,1.4,1.6,1.2,5,1.0,1.2,0.8,5,0,2,EMPATE
441992,2024-02-25,Borussia Dortmund,TSG 1899 Hoffenheim,2.2,0.4,2.2,5,1.2,1.6,0.6,5,0,2,VISITANTE
438730,2024-02-25,Real Madrid CF,Sevilla FC,2.0,0.6,2.2,5,1.0,1.4,1.6,5,1,2,LOCAL
438727,2024-02-25,Cádiz CF,RC Celta de Vigo,0.0,1.0,0.4,5,1.2,1.4,0.6,5,0,2,EMPATE
438724,2024-02-25,Real Betis Balompié,Athletic Club,1.2,1.0,1.6,5,1.4,0.6,1.6,5,1,2,LOCAL
441988,2024-02-25,FC Augsburg,SC Freiburg,1.4,1.6,1.0,5,1.6,2.8,0.8,5,1,2,LOCAL
436202,2024-02-25,Wolverhampton Wanderers FC,Sheffield United FC,1.8,1.8,1.4,5,1.4,3.2,0.8,5,1,2,LOCAL
438728,2024-02-26,Girona FC,Rayo Vallecano de Madrid,1.6,1.6,1.4,5,0.8,1.4,0.4,5,1,2,LOCAL
436201,2024-02-26,West Ham United FC,Brentford FC,0.6,2.8,0.4,5,1.2,2.2,0.6,5,1,2,LOCAL
441996,2024-03-01,SC Freiburg,FC Bayern München,1.2,2.8,0.2,5,2.0,2.0,1.8,5,0,2,EMPATE
438737,2024-03-01,RC Celta de Vigo,UD Almería,1.6,1.6,0.8,5,0.8,1.6,0.6,5,1,2,LOCAL
436207,2024-03-02,Luton Town FC,Aston Villa FC,2.2,2.6,0.8,5,2.6,1.6,1.8,5,0,2,VISITANTE
441997,2024-03-02,1. FC Union Berlin,Borussia Dortmund,1.0,1.0,1.6,5,1.8,1.0,1.6,5,0,2,VISITANTE
441998,2024-03-02,VfL Bochum 1848,RB Leipzig,1.6,2.4,1.0,5,1.8,1.8,1.4,5,0,2,VISITANTE
442000,2024-03-02,1. FC Heidenheim 1846,Eintracht Frankfurt,1.2,1.2,1.2,5,1.4,1.6,1.2,5,0,2,VISITANTE
442001,2024-03-02,1. FSV Mainz 05,Borussia Mönchengladbach,0.8,1.4,0.8,5,1.2,1.4,1.0,5,0,2,EMPATE
442003,2024-03-02,SV Darmstadt 98,FC Augsburg,0.4,1.2,0.4,5,1.4,1.6,1.0,5,0,2,VISITANTE
442004,2024-03-02,VfL Wolfsburg,VfB Stuttgart,1.2,1.4,0.8,5,2.8,1.2,2.6,5,0,2,VISITANTE
438739,2024-03-02,Sevilla FC,Real Sociedad de Fútbol,0.8,0.6,1.6,5,0.6,1.0,1.0,5,1,2,LOCAL
438742,2024-03-02,Rayo Vallecano de Madrid,Cádiz CF,0.8,2.0,0.2,5,0.4,1.2,0.6,5,0,2,EMPATE
438740,2024-03-02,Valencia CF,Real Madrid CF,0.6,1.0,1.4,5,1.8,0.4,2.2,5,0,2,EMPATE
436212,2024-03-02,Tottenham Hotspur FC,Crystal Palace FC,2.0,1.8,1.6,5,1.8,2.0,1.4,5,1,2,LOCAL
436203,2024-03-02,Brentford FC,Chelsea FC,1.2,2.4,0.6,5,1.6,2.0,1.4,5,0,2,EMPATE
436205,2024-03-02,Everton FC,West Ham United FC,0.8,1.2,0.8,5,1.0,2.8,0.8,5,0,2,VISITANTE
436206,2024-03-02,Fulham FC,Brighton & Hove Albion FC,1.6,1.2,1.6,5,2.2,1.6,1.4,5,1,2,LOCAL
436209,2024-03-02,Newcastle United FC,Wolverhampton Wanderers FC,2.6,2.6,1.6,5,2.0,1.8,1.8,5,1,2,LOCAL
436210,2024-03-02,Nottingham Forest FC,Liverpool FC,1.6,2.0,0.8,5,3.2,1.4,2.4,5,0,2,VISITANTE
438738,2024-03-02,Getafe CF,UD Las Palmas,1.0,2.0,1.0,5,1.0,1.8,1.0,5,0,2,EMPATE
438734,2024-03-03,Athletic Club,FC Barcelona,1.6,1.0,1.6,5,2.6,1.0,2.6,5,0,2,EMPATE
438743,2024-03-03,RCD Mallorca,Girona FC,0.8,1.8,0.8,5,1.2,1.4,1.4,5,1,2,LOCAL
438741,2024-03-03,Villarreal CF,Granada CF,2.0,1.2,1.8,5,1.0,1.6,0.6,5,1,2,LOCAL
438735,2024-03-03,Club Atlético de Madrid,Real Betis Balompié,2.0,1.0,1.6,5,1.4,0.4,2.2,5,1,2,LOCAL
441999,2024-03-03,1. FC Köln,Bayer 04 Leverkusen,1.0,0.8,1.2,5,1.8,0.4,2.6,5,0,2,VISITANTE
436204,2024-03-03,Burnley FC,AFC Bournemouth,0.8,3.2,0.2,5,1.0,1.6,0.6,5,0,2,VISITANTE
436208,2024-03-03,Manchester City FC,Manchester United FC,1.6,0.4,2.6,5,2.4,1.4,2.4,5,1,2,LOCAL
442002,2024-03-03,TSG 1899 Hoffenheim,SV Werder Bremen,1.4,1.4,1.2,5,1.4,0.8,2.0,5,1,2,LOCAL
436211,2024-03-04,Sheffield United FC,Arsenal FC,1.0,3.0,0.6,5,4.0,0.6,3.0,5,0,2,VISITANTE
438736,2024-03-04,CA Osasuna,Deportivo Alavés,0.8,1.0,1.4,5,1.2,1.0,1.2,5,1,2,LOCAL
438746,2024-03-08,FC Barcelona,RCD Mallorca,2.4,1.0,2.2,5,1.0,1.6,1.4,5,1,2,LOCAL
442006,2024-03-08,VfB Stuttgart,1. FC Union Berlin,2.4,1.2,2.6,5,1.0,1.0,1.6,5,1,2,LOCAL
442005,2024-03-09,SV Werder Bremen,Borussia Dortmund,1.0,1.0,1.4,5,1.6,0.8,1.6,5,0,2,VISITANTE
438748,2024-03-09,Girona FC,CA Osasuna,1.0,1.6,0.8,5,1.0,0.8,2.0,5,1,2,LOCAL
442009,2024-03-09,FC Bayern München,1. FSV Mainz 05,1.8,2.0,1.4,5,1.0,1.4,1.0,5,1,2,LOCAL
442010,2024-03-09,Borussia Mönchengladbach,1. FC Köln,1.4,1.6,1.0,5,0.8,1.0,1.0,5,0,2,EMPATE
436220,2024-03-09,Manchester United FC,Everton FC,1.8,1.4,1.8,5,1.0,1.8,0.6,5,1,2,LOCAL
442012,2024-03-09,FC Augsburg,1. FC Heidenheim 1846,2.2,1.0,1.6,5,1.2,1.4,1.0,5,1,2,LOCAL
442013,2024-03-09,RB Leipzig,SV Darmstadt 98,2.2,1.0,2.0,5,0.4,2.2,0.4,5,1,2,LOCAL
436213,2024-03-09,AFC Bournemouth,Sheffield United FC,1.2,1.4,1.0,5,0.6,3.6,0.6,5,0,2,EMPATE
438747,2024-03-09,Cádiz CF,Club Atlético de Madrid,0.6,1.4,0.6,5,2.0,1.0,1.6,5,1,2,LOCAL
438749,2024-03-09,Granada CF,Real Sociedad de Fútbol,1.2,2.4,0.6,5,1.0,1.6,0.8,5,0,2,VISITANTE
436218,2024-03-09,Crystal Palace FC,Luton Town FC,1.4,2.2,0.8,5,1.8,3.2,0.2,5,0,2,EMPATE
436222,2024-03-09,Wolverhampton Wanderers FC,Fulham FC,1.4,1.6,1.8,5,2.2,1.2,2.0,5,1,2,LOCAL
436214,2024-03-09,Arsenal FC,Brentford FC,4.8,0.4,3.0,5,1.4,2.2,0.8,5,1,2,LOCAL
438750,2024-03-09,Valencia CF,Getafe CF,0.8,1.4,1.0,5,1.6,2.2,1.2,5,1,2,LOCAL
436219,2024-03-10,Liverpool FC,Manchester City FC,2.6,1.2,2.4,5,1.6,0.4,2.6,5,0,2,EMPATE
436215,2024-03-10,Aston Villa FC,Tottenham Hotspur FC,3.0,1.4,2.4,5,2.2,1.6,2.0,5,0,2,VISITANTE
438745,2024-03-10,Deportivo Alavés,Rayo Vallecano de Madrid,0.6,1.2,0.6,5,0.8,1.8,0.4,5,1,2,LOCAL
438753,2024-03-10,UD Las Palmas,Athletic Club,1.4,2.0,1.2,5,1.6,1.0,1.6,5,0,2,VISITANTE
442008,2024-03-10,Bayer 04 Leverkusen,VfL Wolfsburg,2.2,0.4,3.0,5,1.4,1.8,0.6,5,1,2,LOCAL
438751,2024-03-10,Real Madrid CF,RC Celta de Vigo,1.8,0.8,1.8,5,1.8,1.4,1.4,5,1,2,LOCAL
438744,2024-03-10,Real Betis Balompié,Villarreal CF,1.4,0.8,1.6,5,2.0,0.8,1.8,5,0,2,VISITANTE
436216,2024-03-10,Brighton & Hove Albion FC,Nottingham Forest FC,2.2,1.4,1.4,5,1.4,1.8,0.8,5,1,2,LOCAL
436221,2024-03-10,West Ham United FC,Burnley FC,1.4,2.8,1.2,5,0.6,3.0,0.2,5,0,2,EMPATE
442011,2024-03-10,Eintracht Frankfurt,TSG 1899 Hoffenheim,1.6,1.8,1.2,5,1.6,1.4,1.6,5,1,2,LOCAL
442007,2024-03-10,VfL Bochum 1848,SC Freiburg,1.6,2.6,1.0,5,1.4,2.6,0.4,5,0,2,VISITANTE
438752,2024-03-11,UD Almería,Sevilla FC,0.8,1.2,0.6,5,1.2,0.8,2.0,5,0,2,EMPATE
436217,2024-03-11,Chelsea FC,Newcastle United FC,1.8,2.4,1.0,5,2.6,2.4,1.6,5,1,2,LOCAL
436103,2024-03-13,AFC Bournemouth,Luton Town FC,1.4,1.6,1.0,5,1.2,2.6,0.2,5,1,2,LOCAL
438762,2024-03-15,Real Sociedad de Fútbol,Cádiz CF,1.6,2.0,1.2,5,1.0,1.4,1.0,5,1,2,LOCAL
442015,2024-03-15,1. FC Köln,RB Leipzig,1.0,1.6,0.6,5,2.2,1.0,2.0,5,0,2,VISITANTE
442018,2024-03-16,1. FC Heidenheim 1846,Borussia Mönchengladbach,1.2,1.6,0.8,5,1.8,1.6,1.2,5,0,2,EMPATE
442022,2024-03-16,TSG 1899 Hoffenheim,VfB Stuttgart,1.4,1.6,1.4,5,2.2,1.0,2.6,5,0,2,VISITANTE
436228,2024-03-16,Fulham FC,Tottenham Hotspur FC,2.0,1.2,1.8,5,2.4,1.2,2.0,5,1,2,LOCAL
436229,2024-03-16,Luton Town FC,Nottingham Forest FC,1.6,2.8,0.2,5,1.2,1.8,0.6,5,0,2,EMPATE
442021,2024-03-16,VfL Wolfsburg,FC Augsburg,1.0,1.8,0.4,5,2.2,0.8,2.0,5,0,2,VISITANTE
442020,2024-03-16,1. FSV Mainz 05,VfL Bochum 1848,1.0,2.8,0.8,5,1.6,2.8,0.8,5,1,2,LOCAL
442019,2024-03-16,1. FC Union Berlin,SV Werder Bremen,0.8,1.2,1.4,5,1.0,1.4,0.8,5,1,2,LOCAL
442014,2024-03-16,SV Darmstadt 98,FC Bayern München,0.4,2.2,0.4,5,2.8,2.0,1.4,5,0,2,VISITANTE
438761,2024-03-16,RCD Mallorca,Granada CF,1.0,1.0,1.4,5,1.6,2.6,0.6,5,1,2,LOCAL
438756,2024-03-16,CA Osasuna,Real Madrid CF,1.0,0.6,2.0,5,2.4,0.6,2.2,5,0,2,VISITANTE
436225,2024-03-16,Burnley FC,Brentford FC,0.6,3.0,0.2,5,1.2,2.6,0.2,5,1,2,LOCAL
438757,2024-03-16,Getafe CF,Girona FC,1.4,2.2,1.0,5,1.4,1.6,1.2,5,1,2,LOCAL
438754,2024-03-16,Athletic Club,Deportivo Alavés,1.2,1.0,1.6,5,0.6,0.6,1.2,5,1,2,LOCAL
442016,2024-03-17,SC Freiburg,Bayer 04 Leverkusen,1.6,2.2,1.0,5,2.2,0.4,3.0,5,0,2,VISITANTE
438759,2024-03-17,Villarreal CF,Valencia CF,2.6,1.2,2.2,5,1.0,1.0,1.6,5,1,2,LOCAL
438760,2024-03-17,Rayo Vallecano de Madrid,Real Betis Balompié,0.6,1.6,0.4,5,1.6,1.2,1.4,5,1,2,LOCAL
442017,2024-03-17,Borussia Dortmund,Eintracht Frankfurt,2.0,1.0,2.0,5,2.2,1.6,1.8,5,1,2,LOCAL
438758,2024-03-17,Sevilla FC,RC Celta de Vigo,1.2,1.0,1.6,5,1.2,2.2,0.8,5,0,2,VISITANTE
438755,2024-03-17,Club Atlético de Madrid,FC Barcelona,1.8,1.2,1.4,5,2.0,0.8,2.2,5,0,2,VISITANTE
438763,2024-03-17,UD Las Palmas,UD Almería,1.2,2.2,1.0,5,1.0,1.2,0.8,5,0,2,VISITANTE
436231,2024-03-17,West Ham United FC,Aston Villa FC,1.8,2.6,1.4,5,2.0,2.2,1.8,5,0,2,EMPATE
438767,2024-03-29,Cádiz CF,Granada CF,1.0,1.4,1.0,5,1.4,2.6,0.4,5,1,2,LOCAL
436235,2024-03-30,Brentford FC,Manchester United FC,1.2,2.2,0.2,5,1.6,1.4,1.8,5,0,2,EMPATE
436236,2024-03-30,Chelsea FC,Burnley FC,2.2,2.0,1.6,5,0.8,2.6,0.8,5,0,2,EMPATE
436240,2024-03-30,Nottingham Forest FC,Crystal Palace FC,1.0,1.4,0.8,5,1.4,1.6,1.0,5,0,2,EMPATE
436241,2024-03-30,Sheffield United FC,Fulham FC,1.0,3.0,0.8,5,2.0,1.0,1.8,5,0,2,EMPATE
436242,2024-03-30,Tottenham Hotspur FC,Luton Town FC,2.0,1.4,1.8,5,1.6,2.6,0.4,5,1,2,LOCAL
436234,2024-03-30,Aston Villa FC,Wolverhampton Wanderers FC,2.0,2.0,2.0,5,1.0,1.4,1.8,5,1,2,LOCAL
442024,2024-03-30,Eintracht Frankfurt,1. FC Union Berlin,2.2,2.0,1.6,5,1.0,1.4,1.4,5,0,2,EMPATE
438766,2024-03-30,FC Barcelona,UD Las Palmas,2.0,0.2,2.6,5,0.8,2.4,0.4,5,1,2,LOCAL
438770,2024-03-30,Valencia CF,RCD Mallorca,0.6,1.0,1.0,5,0.8,0.8,1.4,5,0,2,EMPATE
438773,2024-03-30,UD Almería,CA Osasuna,1.2,1.2,1.2,5,1.2,1.4,1.4,5,0,2,VISITANTE
438768,2024-03-30,Getafe CF,Sevilla FC,1.0,1.8,1.0,5,1.2,1.4,1.0,5,0,2,VISITANTE
436233,2024-03-30,AFC Bournemouth,Everton FC,2.0,1.6,1.6,5,0.6,1.8,0.4,5,1,2,LOCAL
436239,2024-03-30,Newcastle United FC,West Ham United FC,2.2,2.2,1.4,5,2.0,1.6,1.6,5,1,2,LOCAL
442023,2024-03-30,FC Bayern München,Borussia Dortmund,3.8,1.8,2.0,5,2.0,1.2,2.0,5,0,2,VISITANTE
442029,2024-03-30,Bayer 04 Leverkusen,TSG 1899 Hoffenheim,2.2,0.8,3.0,5,1.2,2.0,1.2,5,1,2,LOCAL
442027,2024-03-30,RB Leipzig,1. FSV Mainz 05,2.8,0.8,2.4,5,1.2,2.2,1.4,5,0,2,EMPATE
442025,2024-03-30,Borussia Mönchengladbach,SC Freiburg,2.0,1.8,1.2,5,2.0,2.2,1.0,5,0,2,VISITANTE
442026,2024-03-30,SV Werder Bremen,VfL Wolfsburg,1.0,1.4,0.8,5,1.2,2.2,0.4,5,0,2,VISITANTE
438769,2024-03-31,Girona FC,Real Betis Balompié,1.4,1.0,1.2,5,1.2,1.6,0.8,5,1,2,LOCAL
442031,2024-03-31,VfL Bochum 1848,SV Darmstadt 98,1.4,3.0,0.6,5,0.8,3.2,0.2,5,0,2,EMPATE
436238,2024-03-31,Manchester City FC,Arsenal FC,1.4,0.6,2.2,5,4.6,0.4,3.0,5,0,2,EMPATE
436237,2024-03-31,Liverpool FC,Brighton & Hove Albion FC,2.6,0.8,2.6,5,1.6,1.2,1.4,5,1,2,LOCAL
442030,2024-03-31,VfB Stuttgart,1. FC Heidenheim 1846,2.2,0.8,2.6,5,1.0,1.6,0.4,5,0,2,EMPATE
442028,2024-03-31,FC Augsburg,1. FC Köln,2.4,0.6,2.4,5,1.0,2.4,0.4,5,0,2,EMPATE
438764,2024-03-31,RC Celta de Vigo,Rayo Vallecano de Madrid,1.2,1.8,1.4,5,0.8,1.2,1.0,5,0,2,EMPATE
438765,2024-03-31,Deportivo Alavés,Real Sociedad de Fútbol,0.4,0.8,1.0,5,2.0,1.8,1.8,5,0,2,VISITANTE
438772,2024-03-31,Real Madrid CF,Athletic Club,2.4,1.0,2.2,5,1.6,1.0,2.0,5,1,2,LOCAL
438771,2024-04-01,Villarreal CF,Club Atlético de Madrid,2.6,1.0,2.6,5,1.8,1.6,1.4,5,0,2,VISITANTE
436250,2024-04-02,Newcastle United FC,Everton FC,2.4,2.4,1.4,5,0.8,1.8,0.4,5,0,2,EMPATE
436248,2024-04-02,West Ham United FC,Tottenham Hotspur FC,2.6,2.0,1.6,5,2.0,1.4,1.8,5,0,2,EMPATE
436246,2024-04-02,Burnley FC,Wolverhampton Wanderers FC,1.2,2.0,1.0,5,1.0,1.4,1.8,5,0,2,EMPATE
436247,2024-04-02,Nottingham Forest FC,Fulham FC,0.8,1.6,0.4,5,2.4,1.2,2.0,5,1,2,LOCAL
436243,2024-04-02,AFC Bournemouth,Crystal Palace FC,2.0,1.4,2.0,5,1.4,1.2,1.2,5,1,2,LOCAL
436252,2024-04-03,Manchester City FC,Aston Villa FC,1.2,0.4,2.2,5,2.0,1.8,2.0,5,1,2,LOCAL
436245,2024-04-03,Brentford FC,Brighton & Hove Albion FC,1.4,2.2,0.4,5,1.6,1.2,1.4,5,0,2,EMPATE
436244,2024-04-03,Arsenal FC,Luton Town FC,3.4,0.4,2.6,5,1.6,2.2,0.4,5,1,2,LOCAL
436249,2024-04-04,Chelsea FC,Manchester United FC,2.2,1.6,1.8,5,1.4,1.4,1.4,5,1,2,LOCAL
438729,2024-04-04,Granada CF,Valencia CF,0.8,2.2,0.2,5,0.6,0.6,1.2,5,0,2,VISITANTE
436251,2024-04-04,Liverpool FC,Sheffield United FC,2.4,0.8,2.6,5,1.0,3.4,0.4,5,1,2,LOCAL
442036,2024-04-05,Eintracht Frankfurt,SV Werder Bremen,1.6,1.4,1.6,5,0.8,1.8,0.2,5,0,2,EMPATE
442037,2024-04-06,1. FC Köln,VfL Bochum 1848,1.2,2.4,0.6,5,1.2,3.0,0.2,5,1,2,LOCAL
442034,2024-04-06,1. FC Union Berlin,Bayer 04 Leverkusen,0.8,1.4,1.0,5,2.2,0.8,3.0,5,0,2,VISITANTE
442033,2024-04-06,SC Freiburg,RB Leipzig,2.0,1.6,1.4,5,2.4,0.8,2.0,5,0,2,VISITANTE
442032,2024-04-06,1. FC Heidenheim 1846,FC Bayern München,1.4,1.8,0.6,5,3.4,1.6,2.0,5,1,2,LOCAL
436255,2024-04-06,Crystal Palace FC,Manchester City FC,1.2,1.2,1.0,5,1.8,0.6,2.2,5,0,2,VISITANTE
442040,2024-04-06,1. FSV Mainz 05,SV Darmstadt 98,1.0,2.2,1.0,5,1.0,3.2,0.4,5,1,2,LOCAL
436253,2024-04-06,Aston Villa FC,Brentford FC,1.4,2.2,1.4,5,1.0,1.4,0.6,5,0,2,EMPATE
436257,2024-04-06,Fulham FC,Newcastle United FC,2.2,1.6,1.4,5,2.2,2.2,1.4,5,0,2,VISITANTE
436258,2024-04-06,Luton Town FC,AFC Bournemouth,1.2,2.0,0.4,5,2.2,1.2,2.6,5,1,2,LOCAL
436262,2024-04-06,Wolverhampton Wanderers FC,West Ham United FC,0.8,1.4,1.4,5,2.0,1.8,1.2,5,0,2,VISITANTE
436254,2024-04-06,Brighton & Hove Albion FC,Arsenal FC,0.6,1.2,1.0,5,2.8,0.4,2.6,5,0,2,VISITANTE
436256,2024-04-06,Everton FC,Burnley FC,0.8,1.8,0.4,5,1.4,1.6,1.2,5,1,2,LOCAL
442039,2024-04-06,Borussia Dortmund,VfB Stuttgart,2.2,1.0,2.4,5,2.4,1.2,2.2,5,0,2,VISITANTE
442038,2024-04-07,TSG 1899 Hoffenheim,FC Augsburg,1.4,2.2,1.2,5,2.6,0.6,2.6,5,1,2,LOCAL
442035,2024-04-07,VfL Wolfsburg,Borussia Mönchengladbach,1.4,2.0,0.8,5,2.0,2.0,1.2,5,0,2,VISITANTE
436260,2024-04-07,Sheffield United FC,Chelsea FC,1.2,3.0,0.4,5,2.4,2.0,1.8,5,0,2,EMPATE
436259,2024-04-07,Manchester United FC,Liverpool FC,1.6,2.0,0.8,5,2.2,0.8,2.6,5,0,2,EMPATE
436261,2024-04-07,Tottenham Hotspur FC,Nottingham Forest FC,2.0,1.2,2.0,5,1.0,1.0,1.0,5,1,2,LOCAL
442042,2024-04-12,FC Augsburg,1. FC Union Berlin,2.4,1.0,2.0,5,0.4,1.2,0.8,5,1,2,LOCAL
438776,2024-04-12,Real Betis Balompié,RC Celta de Vigo,1.6,2.2,0.6,5,1.0,1.4,1.6,5,1,2,LOCAL
436270,2024-04-13,Newcastle United FC,Tottenham Hotspur FC,2.2,1.4,2.0,5,2.0,1.2,2.0,5,1,2,LOCAL
442049,2024-04-13,VfL Bochum 1848,1. FC Heidenheim 1846,1.0,2.4,0.2,5,1.6,1.8,1.0,5,0,2,EMPATE
442041,2024-04-13,Borussia Mönchengladbach,Borussia Dortmund,1.6,1.8,1.2,5,1.8,0.6,2.4,5,0,2,VISITANTE
442044,2024-04-13,VfB Stuttgart,Eintracht Frankfurt,2.4,1.0,2.6,5,1.4,1.2,1.6,5,1,2,LOCAL
438778,2024-04-13,Cádiz CF,FC Barcelona,1.2,1.0,1.6,5,1.8,0.0,2.6,5,0,2,VISITANTE
438781,2024-04-13,RCD Mallorca,Real Madrid CF,0.6,0.4,1.6,5,2.6,0.8,2.6,5,0,2,VISITANTE
438780,2024-04-13,Rayo Vallecano de Madrid,Getafe CF,0.6,1.0,1.0,5,0.8,1.8,0.8,5,0,2,EMPATE
438775,2024-04-13,Club Atlético de Madrid,Girona FC,1.2,1.8,1.4,5,1.6,0.8,1.8,5,1,2,LOCAL
442045,2024-04-13,RB Leipzig,VfL Wolfsburg,3.0,0.6,2.6,5,1.2,2.2,0.6,5,1,2,LOCAL
436265,2024-04-13,Brentford FC,Sheffield United FC,1.2,1.6,0.6,5,1.6,3.2,0.6,5,1,2,LOCAL
436266,2024-04-13,Burnley FC,Brighton & Hove Albion FC,1.4,1.4,1.2,5,0.4,1.6,0.8,5,0,2,EMPATE
436269,2024-04-13,Manchester City FC,Luton Town FC,2.4,1.0,2.2,5,1.4,2.0,0.8,5,1,2,LOCAL
436271,2024-04-13,Nottingham Forest FC,Wolverhampton Wanderers FC,1.2,1.4,1.0,5,0.8,1.8,0.8,5,0,2,EMPATE
436263,2024-04-13,AFC Bournemouth,Manchester United FC,2.0,1.6,2.0,5,1.8,2.0,1.0,5,0,2,EMPATE
442047,2024-04-13,1. FSV Mainz 05,TSG 1899 Hoffenheim,1.6,1.8,1.6,5,1.4,2.0,1.2,5,1,2,LOCAL
442046,2024-04-13,FC Bayern München,1. FC Köln,3.4,2.0,1.4,5,1.4,2.4,1.0,5,1,2,LOCAL
436268,2024-04-14,Liverpool FC,Crystal Palace FC,1.8,1.0,2.2,5,1.0,2.0,0.4,5,0,2,VISITANTE
436272,2024-04-14,West Ham United FC,Fulham FC,1.8,1.8,1.2,5,1.6,1.8,0.8,5,0,2,VISITANTE
436264,2024-04-14,Arsenal FC,Aston Villa FC,2.6,0.2,2.6,5,1.4,2.4,1.0,5,0,2,VISITANTE
438779,2024-04-14,Granada CF,Deportivo Alavés,0.6,2.2,0.0,5,0.4,1.0,0.8,5,1,2,LOCAL
442048,2024-04-14,Bayer 04 Leverkusen,SV Werder Bremen,2.0,0.6,3.0,5,0.8,1.8,0.2,5,1,2,LOCAL
438783,2024-04-14,UD Las Palmas,Sevilla FC,0.8,1.6,0.4,5,1.4,1.4,1.4,5,0,2,VISITANTE
438774,2024-04-14,Athletic Club,Villarreal CF,1.0,1.0,1.4,5,2.6,1.2,2.4,5,0,2,EMPATE
438782,2024-04-14,Real Sociedad de Fútbol,UD Almería,1.8,1.6,1.8,5,1.0,1.6,1.0,5,0,2,EMPATE
442043,2024-04-14,SV Darmstadt 98,SC Freiburg,0.8,3.8,0.2,5,2.0,2.0,1.4,5,0,2,VISITANTE
438777,2024-04-15,CA Osasuna,Valencia CF,1.4,1.4,1.4,5,0.8,0.6,1.6,5,0,2,VISITANTE
436267,2024-04-15,Chelsea FC,Everton FC,2.6,2.2,1.8,5,0.8,1.6,0.8,5,1,2,LOCAL
442056,2024-04-19,Eintracht Frankfurt,FC Augsburg,1.0,1.6,1.0,5,1.6,1.0,2.0,5,1,2,LOCAL
438784,2024-04-19,Athletic Club,Granada CF,1.0,0.6,1.6,5,0.8,1.2,0.6,5,0,2,EMPATE
438785,2024-04-20,RC Celta de Vigo,UD Las Palmas,0.8,1.4,1.4,5,0.6,1.8,0.2,5,1,2,LOCAL
438791,2024-04-20,Rayo Vallecano de Madrid,CA Osasuna,0.6,0.4,1.2,5,1.2,1.4,1.2,5,1,2,LOCAL
438790,2024-04-20,Valencia CF,Real Betis Balompié,0.6,0.2,2.0,5,1.4,2.2,0.6,5,0,2,VISITANTE
438788,2024-04-20,Girona FC,Cádiz CF,1.2,1.4,1.2,5,0.8,0.8,1.4,5,1,2,LOCAL
436278,2024-04-20,Luton Town FC,Brentford FC,1.0,2.2,0.8,5,1.4,1.2,1.2,5,0,2,VISITANTE
436282,2024-04-20,Wolverhampton Wanderers FC,Arsenal FC,1.2,1.6,1.0,5,1.4,0.6,2.0,5,0,2,VISITANTE
442050,2024-04-20,1. FC Union Berlin,FC Bayern München,0.4,1.2,0.8,5,3.4,1.6,1.8,5,0,2,VISITANTE
436280,2024-04-20,Sheffield United FC,Burnley FC,1.6,2.4,0.6,5,1.2,1.2,1.2,5,0,2,VISITANTE
442055,2024-04-20,VfL Wolfsburg,VfL Bochum 1848,0.8,2.2,0.6,5,1.0,1.8,0.4,5,1,2,LOCAL
442054,2024-04-20,TSG 1899 Hoffenheim,Borussia Mönchengladbach,1.2,2.6,0.6,5,1.6,2.0,1.0,5,1,2,LOCAL
442051,2024-04-20,1. FC Heidenheim 1846,RB Leipzig,1.6,1.6,1.2,5,2.8,0.4,2.6,5,0,2,VISITANTE
442058,2024-04-20,1. FC Köln,SV Darmstadt 98,1.4,2.4,1.0,5,0.8,2.8,0.2,5,0,2,VISITANTE
442052,2024-04-21,Borussia Dortmund,Bayer 04 Leverkusen,1.8,0.8,2.4,5,2.6,0.6,3.0,5,0,2,EMPATE
438792,2024-04-21,Real Madrid CF,FC Barcelona,2.6,0.8,2.6,5,1.2,0.0,2.6,5,1,2,LOCAL
438786,2024-04-21,Deportivo Alavés,Club Atlético de Madrid,0.2,1.2,0.6,5,1.4,1.6,1.8,5,1,2,LOCAL
436277,2024-04-21,Fulham FC,Liverpool FC,1.8,1.4,1.4,5,1.6,1.2,1.6,5,0,2,VISITANTE
436275,2024-04-21,Crystal Palace FC,West Ham United FC,1.0,1.4,1.0,5,1.4,1.8,1.0,5,1,2,LOCAL
436273,2024-04-21,Aston Villa FC,AFC Bournemouth,1.8,1.6,1.6,5,2.0,1.6,2.0,5,1,2,LOCAL
436276,2024-04-21,Everton FC,Nottingham Forest FC,0.6,2.2,0.8,5,1.6,1.6,1.2,5,1,2,LOCAL
442057,2024-04-21,SV Werder Bremen,VfB Stuttgart,0.6,2.4,0.2,5,2.4,0.6,2.6,5,1,2,LOCAL
438793,2024-04-21,UD Almería,Villarreal CF,1.0,1.6,1.0,5,2.2,1.2,2.0,5,0,2,VISITANTE
442053,2024-04-21,SC Freiburg,1. FSV Mainz 05,1.8,1.6,1.8,5,2.2,1.8,2.0,5,0,2,EMPATE
438787,2024-04-21,Getafe CF,Real Sociedad de Fútbol,0.8,1.0,1.0,5,2.0,1.4,2.0,5,0,2,EMPATE
438789,2024-04-22,Sevilla FC,RCD Mallorca,1.8,1.2,2.0,5,0.4,0.4,1.4,5,1,2,LOCAL
436223,2024-04-23,Arsenal FC,Chelsea FC,1.4,0.4,2.0,5,3.4,1.8,2.2,5,1,2,LOCAL
436226,2024-04-24,Crystal Palace FC,Newcastle United FC,1.8,1.6,1.4,5,2.4,1.4,2.0,5,1,2,LOCAL
436232,2024-04-24,Wolverhampton Wanderers FC,AFC Bournemouth,0.8,1.8,0.4,5,1.4,1.6,1.4,5,0,2,VISITANTE
436230,2024-04-24,Manchester United FC,Sheffield United FC,2.0,1.8,1.2,5,1.4,2.8,0.4,5,1,2,LOCAL
436227,2024-04-24,Everton FC,Liverpool FC,1.0,1.8,1.4,5,2.0,1.2,2.0,5,1,2,LOCAL
436224,2024-04-25,Brighton & Hove Albion FC,Manchester City FC,0.6,1.2,1.0,5,2.8,1.0,2.2,5,0,2,VISITANTE
442064,2024-04-26,VfL Bochum 1848,TSG 1899 Hoffenheim,0.8,1.6,0.4,5,1.8,2.6,1.2,5,1,2,LOCAL
438801,2024-04-26,Real Sociedad de Fútbol,Real Madrid CF,1.8,1.0,2.2,5,2.8,0.8,3.0,5,0,2,VISITANTE
442059,2024-04-27,RB Leipzig,Borussia Dortmund,2.8,0.6,2.6,5,1.6,0.8,2.0,5,1,2,LOCAL
438794,2024-04-27,Club Atlético de Madrid,Athletic Club,1.0,1.8,1.2,5,1.2,0.8,1.6,5,1,2,LOCAL
442066,2024-04-27,Bayer 04 Leverkusen,VfB Stuttgart,2.4,0.8,2.6,5,2.2,1.0,2.0,5,0,2,EMPATE
438802,2024-04-27,UD Almería,Getafe CF,1.2,1.8,1.0,5,0.4,0.6,1.0,5,0,2,VISITANTE
442061,2024-04-27,FC Bayern München,Eintracht Frankfurt,2.8,1.6,1.8,5,1.0,1.6,1.0,5,1,2,LOCAL
436284,2024-04-27,Aston Villa FC,Chelsea FC,2.2,1.6,2.0,5,2.8,2.4,1.6,5,0,2,EMPATE
436285,2024-04-27,Everton FC,Brentford FC,1.2,1.4,2.0,5,2.2,1.0,1.8,5,1,2,LOCAL
438796,2024-04-27,Deportivo Alavés,RC Celta de Vigo,0.6,1.0,1.2,5,1.4,1.6,1.4,5,1,2,LOCAL
436288,2024-04-27,Newcastle United FC,Sheffield United FC,2.0,1.2,2.0,5,1.2,3.0,0.2,5,1,2,LOCAL
436287,2024-04-27,Manchester United FC,Burnley FC,2.4,2.2,1.2,5,1.6,1.2,1.2,5,0,2,EMPATE
436286,2024-04-27,Fulham FC,Crystal Palace FC,1.4,2.0,0.8,5,2.0,1.4,1.8,5,0,2,EMPATE
436291,2024-04-27,West Ham United FC,Liverpool FC,1.6,2.6,0.8,5,1.6,1.4,1.4,5,0,2,EMPATE
436292,2024-04-27,Wolverhampton Wanderers FC,Luton Town FC,0.8,1.6,0.4,5,1.0,3.0,0.6,5,1,2,LOCAL
438803,2024-04-27,UD Las Palmas,Girona FC,0.2,2.0,0.0,5,2.0,1.4,1.8,5,0,2,VISITANTE
442065,2024-04-27,FC Augsburg,SV Werder Bremen,1.6,1.6,1.4,5,0.8,2.2,0.8,5,0,2,VISITANTE
442062,2024-04-27,SC Freiburg,VfL Wolfsburg,1.6,1.6,1.4,5,1.0,1.8,1.2,5,0,2,VISITANTE
438795,2024-04-28,Real Betis Balompié,Sevilla FC,1.6,2.0,1.2,5,1.6,1.0,2.0,5,0,2,EMPATE
438800,2024-04-28,Villarreal CF,Rayo Vallecano de Madrid,1.6,1.2,2.0,5,0.8,0.4,1.6,5,1,2,LOCAL
438799,2024-04-28,Granada CF,CA Osasuna,0.6,0.8,0.8,5,1.2,1.8,0.6,5,1,2,LOCAL
436283,2024-04-28,AFC Bournemouth,Brighton & Hove Albion FC,1.2,1.4,1.4,5,0.4,2.0,0.4,5,1,2,LOCAL
436290,2024-04-28,Tottenham Hotspur FC,Arsenal FC,1.2,2.0,1.4,5,2.4,0.4,2.4,5,0,2,VISITANTE
438798,2024-04-28,Cádiz CF,RCD Mallorca,0.8,1.4,1.2,5,0.4,0.8,0.8,5,0,2,EMPATE
442067,2024-04-28,SV Darmstadt 98,1. FC Heidenheim 1846,1.2,2.4,0.8,5,1.8,1.8,1.2,5,0,2,VISITANTE
442063,2024-04-28,1. FSV Mainz 05,1. FC Köln,2.2,0.4,2.2,5,0.8,2.2,0.8,5,0,2,EMPATE
442060,2024-04-28,Borussia Mönchengladbach,1. FC Union Berlin,1.6,2.2,0.8,5,0.6,1.8,0.8,5,0,2,EMPATE
436289,2024-04-28,Nottingham Forest FC,Manchester City FC,1.4,1.8,1.0,5,3.4,0.8,2.6,5,0,2,VISITANTE
438797,2024-04-29,FC Barcelona,Valencia CF,1.6,0.6,2.4,5,0.6,0.6,1.4,5,1,2,LOCAL
436197,2024-05-02,Chelsea FC,Tottenham Hotspur FC,2.8,2.4,1.6,5,1.6,2.0,1.4,5,1,2,LOCAL
438806,2024-05-03,Getafe CF,Athletic Club,1.0,0.6,1.6,5,1.0,1.4,1.0,5,0,2,VISITANTE
436300,2024-05-03,Luton Town FC,Everton FC,1.0,3.0,0.6,5,1.2,1.2,2.4,5,0,2,EMPATE
442069,2024-05-03,TSG 1899 Hoffenheim,RB Leipzig,2.2,2.6,1.2,5,2.6,0.6,2.6,5,0,2,EMPATE
436302,2024-05-04,Sheffield United FC,Nottingham Forest FC,1.2,3.4,0.2,5,1.2,2.0,0.8,5,0,2,VISITANTE
442073,2024-05-04,SV Werder Bremen,Borussia Mönchengladbach,1.2,1.8,1.4,5,1.4,2.0,0.8,5,0,2,EMPATE
436296,2024-05-04,Burnley FC,Newcastle United FC,1.4,1.0,1.2,5,2.2,0.8,2.0,5,0,2,VISITANTE
436294,2024-05-04,Brentford FC,Fulham FC,2.0,1.0,1.6,5,1.0,1.6,0.8,5,0,2,EMPATE
442068,2024-05-04,VfB Stuttgart,FC Bayern München,2.0,1.4,1.6,5,2.2,1.4,1.8,5,1,2,LOCAL
436293,2024-05-04,Arsenal FC,AFC Bournemouth,2.6,0.8,2.4,5,1.6,1.4,1.4,5,1,2,LOCAL
438813,2024-05-04,Real Sociedad de Fútbol,UD Las Palmas,1.2,0.8,1.6,5,0.2,2.0,0.0,5,1,2,LOCAL
438812,2024-05-04,Real Madrid CF,Cádiz CF,2.2,0.8,3.0,5,0.6,1.6,0.8,5,1,2,LOCAL
436301,2024-05-04,Manchester City FC,Wolverhampton Wanderers FC,3.8,0.8,3.0,5,1.0,1.6,0.8,5,1,2,LOCAL
438807,2024-05-04,Girona FC,FC Barcelona,2.0,1.4,1.8,5,2.2,1.0,2.4,5,1,2,LOCAL
442070,2024-05-04,1. FC Köln,SC Freiburg,0.8,1.4,1.0,5,1.4,1.4,1.4,5,0,2,EMPATE
442076,2024-05-04,VfL Wolfsburg,SV Darmstadt 98,1.2,1.4,1.8,5,0.8,1.6,0.8,5,1,2,LOCAL
442075,2024-05-04,Borussia Dortmund,FC Augsburg,1.2,1.4,1.4,5,1.0,2.0,0.8,5,1,2,LOCAL
438811,2024-05-04,RCD Mallorca,Club Atlético de Madrid,0.6,0.8,1.0,5,1.6,1.6,1.8,5,0,2,VISITANTE
438804,2024-05-05,CA Osasuna,Real Betis Balompié,1.2,2.0,0.6,5,1.4,1.6,1.4,5,0,2,VISITANTE
438805,2024-05-05,RC Celta de Vigo,Villarreal CF,1.4,1.4,1.4,5,1.6,0.8,2.0,5,1,2,LOCAL
442074,2024-05-05,1. FC Union Berlin,VfL Bochum 1848,0.2,1.6,0.4,5,1.4,1.6,1.0,5,0,2,VISITANTE
438809,2024-05-05,Valencia CF,Deportivo Alavés,1.0,1.2,1.4,5,1.0,1.0,1.2,5,0,2,VISITANTE
438808,2024-05-05,Sevilla FC,Granada CF,1.4,0.8,2.0,5,1.2,0.6,1.4,5,1,2,LOCAL
436295,2024-05-05,Brighton & Hove Albion FC,Aston Villa FC,0.2,2.2,0.4,5,2.2,2.0,1.6,5,1,2,LOCAL
436299,2024-05-05,Liverpool FC,Tottenham Hotspur FC,1.4,1.6,1.0,5,1.2,2.2,0.8,5,1,2,LOCAL
438810,2024-05-05,Rayo Vallecano de Madrid,UD Almería,0.8,0.8,1.6,5,1.0,2.0,0.8,5,0,2,VISITANTE
442071,2024-05-05,Eintracht Frankfurt,Bayer 04 Leverkusen,1.0,1.4,1.0,5,2.2,0.8,2.2,5,0,2,VISITANTE
442072,2024-05-05,1. FC Heidenheim 1846,1. FSV Mainz 05,1.8,1.6,1.6,5,2.0,0.6,1.8,5,0,2,EMPATE
436297,2024-05-05,Chelsea FC,West Ham United FC,2.4,1.8,1.6,5,1.4,2.2,1.0,5,1,2,LOCAL
436298,2024-05-06,Crystal Palace FC,Manchester United FC,2.2,1.4,2.0,5,2.4,2.2,1.2,5,1,2,LOCAL
442084,2024-05-10,FC Augsburg,VfB Stuttgart,1.0,2.8,0.6,5,2.0,1.0,2.0,5,0,2,VISITANTE
438817,2024-05-10,Deportivo Alavés,Girona FC,1.2,0.6,1.8,5,2.8,1.6,2.4,5,0,2,EMPATE
438823,2024-05-11,RCD Mallorca,UD Las Palmas,0.4,1.0,0.4,5,0.2,2.2,0.0,5,1,2,LOCAL
438820,2024-05-11,Granada CF,Real Madrid CF,1.2,1.0,1.4,5,2.0,0.4,3.0,5,0,2,VISITANTE
438814,2024-05-11,Athletic Club,CA Osasuna,1.0,1.4,1.0,5,0.8,1.6,0.6,5,0,2,EMPATE
442078,2024-05-11,1. FC Köln,1. FC Union Berlin,0.6,1.2,1.0,5,0.8,2.4,0.2,5,1,2,LOCAL
442080,2024-05-11,Borussia Mönchengladbach,Eintracht Frankfurt,1.8,1.8,1.0,5,1.2,2.4,0.8,5,0,2,EMPATE
442083,2024-05-11,RB Leipzig,SV Werder Bremen,2.8,0.8,2.6,5,1.6,1.8,1.6,5,0,2,EMPATE
442085,2024-05-11,SC Freiburg,1. FC Heidenheim 1846,0.8,1.4,1.0,5,1.4,1.2,1.6,5,0,2,EMPATE
442077,2024-05-11,1. FSV Mainz 05,Borussia Dortmund,2.2,0.8,1.8,5,1.8,1.6,1.4,5,1,2,LOCAL
438822,2024-05-11,Villarreal CF,Sevilla FC,1.8,1.4,1.4,5,1.8,0.4,2.6,5,1,2,LOCAL
436303,2024-05-11,AFC Bournemouth,Brentford FC,1.4,1.6,1.4,5,2.0,1.0,1.6,5,0,2,VISITANTE
436309,2024-05-11,Nottingham Forest FC,Chelsea FC,1.2,2.0,0.8,5,3.0,1.4,2.0,5,0,2,VISITANTE
436312,2024-05-11,Wolverhampton Wanderers FC,Crystal Palace FC,1.0,2.2,0.8,5,2.6,0.6,2.6,5,0,2,VISITANTE
436311,2024-05-11,West Ham United FC,Luton Town FC,1.2,3.0,0.8,5,1.2,2.8,0.8,5,1,2,LOCAL
436306,2024-05-11,Fulham FC,Manchester City FC,0.8,1.0,1.0,5,4.0,0.8,3.0,5,0,2,VISITANTE
436310,2024-05-11,Tottenham Hotspur FC,Burnley FC,1.4,2.8,0.6,5,1.4,1.6,1.0,5,1,2,LOCAL
436305,2024-05-11,Everton FC,Sheffield United FC,1.2,1.4,2.0,5,1.0,3.6,0.0,5,1,2,LOCAL
436308,2024-05-11,Newcastle United FC,Brighton & Hove Albion FC,2.8,0.8,2.4,5,0.4,2.2,0.8,5,0,2,EMPATE
442079,2024-05-12,VfL Bochum 1848,Bayer 04 Leverkusen,1.8,1.8,1.4,5,2.8,0.8,2.2,5,0,2,VISITANTE
442081,2024-05-12,FC Bayern München,VfL Wolfsburg,2.4,1.6,1.8,5,1.4,1.4,1.8,5,1,2,LOCAL
442082,2024-05-12,SV Darmstadt 98,TSG 1899 Hoffenheim,0.4,1.8,0.6,5,2.2,2.4,1.4,5,0,2,VISITANTE
436307,2024-05-12,Manchester United FC,Arsenal FC,1.8,2.2,1.2,5,2.6,0.8,2.4,5,0,2,VISITANTE
438821,2024-05-12,Valencia CF,Rayo Vallecano de Madrid,1.0,1.4,1.2,5,0.4,1.0,1.0,5,0,2,EMPATE
438819,2024-05-12,Cádiz CF,Getafe CF,0.6,1.8,0.8,5,0.8,1.0,1.0,5,1,2,LOCAL
438815,2024-05-12,Club Atlético de Madrid,RC Celta de Vigo,1.8,1.0,2.4,5,1.6,1.6,1.4,5,1,2,LOCAL
438816,2024-05-12,Real Betis Balompié,UD Almería,1.8,1.2,2.0,5,1.0,2.0,0.8,5,1,2,LOCAL
438818,2024-05-13,FC Barcelona,Real Sociedad de Fútbol,2.0,1.8,1.8,5,1.2,0.8,1.6,5,1,2,LOCAL
436304,2024-05-13,Aston Villa FC,Liverpool FC,2.0,1.4,1.6,5,1.8,1.6,1.4,5,0,2,EMPATE
438830,2024-05-14,Real Madrid CF,Deportivo Alavés,2.4,0.4,3.0,5,1.6,0.8,2.0,5,1,2,LOCAL
438824,2024-05-14,CA Osasuna,RCD Mallorca,0.6,2.0,0.2,5,0.6,1.0,0.8,5,0,2,EMPATE
438827,2024-05-14,Girona FC,Villarreal CF,2.6,1.6,2.0,5,2.2,1.4,2.0,5,0,2,VISITANTE
436281,2024-05-14,Tottenham Hotspur FC,Manchester City FC,1.2,2.8,0.6,5,4.0,0.4,3.0,5,0,2,VISITANTE
438829,2024-05-15,Rayo Vallecano de Madrid,Granada CF,0.4,1.0,1.0,5,1.2,1.6,1.4,5,1,2,LOCAL
438825,2024-05-15,RC Celta de Vigo,Athletic Club,1.6,1.8,1.2,5,1.4,1.4,1.2,5,1,2,LOCAL
436274,2024-05-15,Brighton & Hove Albion FC,Chelsea FC,0.6,1.8,1.0,5,2.4,1.8,2.0,5,0,2,VISITANTE
436279,2024-05-15,Manchester United FC,Newcastle United FC,1.4,2.0,1.0,5,2.8,1.0,2.0,5,1,2,LOCAL
438826,2024-05-15,Getafe CF,Club Atlético de Madrid,0.8,1.0,1.0,5,1.6,0.8,2.4,5,0,2,VISITANTE
438828,2024-05-15,Sevilla FC,Cádiz CF,2.0,1.0,2.0,5,0.6,1.8,0.8,5,0,2,VISITANTE
438833,2024-05-16,UD Las Palmas,Real Betis Balompié,0.2,2.2,0.0,5,2.0,1.0,2.6,5,0,2,EMPATE
438831,2024-05-16,Real Sociedad de Fútbol,Valencia CF,1.0,1.2,1.0,5,0.8,1.4,0.8,5,1,2,LOCAL
438832,2024-05-16,UD Almería,FC Barcelona,1.4,2.0,0.8,5,2.2,1.8,1.8,5,0,2,VISITANTE
442086,2024-05-18,TSG 1899 Hoffenheim,FC Bayern München,2.8,2.2,1.4,5,2.4,1.0,2.4,5,1,2,LOCAL
442087,2024-05-18,Eintracht Frankfurt,RB Leipzig,1.2,2.4,0.8,5,2.2,0.8,2.2,5,0,2,EMPATE
442088,2024-05-18,1. FC Union Berlin,SC Freiburg,1.2,2.8,0.2,5,0.8,0.8,1.2,5,1,2,LOCAL
442089,2024-05-18,VfL Wolfsburg,1. FSV Mainz 05,1.2,1.2,1.8,5,2.0,0.8,1.8,5,0,2,VISITANTE
442090,2024-05-18,VfB Stuttgart,Borussia Mönchengladbach,2.0,1.0,2.0,5,1.4,1.8,0.6,5,1,2,LOCAL
442091,2024-05-18,1. FC Heidenheim 1846,1. FC Köln,1.0,1.0,1.2,5,0.8,1.4,1.0,5,1,2,LOCAL
442092,2024-05-18,SV Werder Bremen,VfL Bochum 1848,1.6,1.8,1.6,5,1.6,2.4,1.4,5,1,2,LOCAL
442094,2024-05-18,Borussia Dortmund,SV Darmstadt 98,1.8,2.0,1.4,5,0.4,2.2,0.6,5,1,2,LOCAL
442093,2024-05-18,Bayer 04 Leverkusen,FC Augsburg,3.6,0.8,2.2,5,0.8,2.4,0.6,5,1,2,LOCAL
438837,2024-05-18,Deportivo Alavés,Getafe CF,1.6,1.4,2.0,5,0.8,1.6,0.8,5,1,2,LOCAL
436321,2024-05-19,Manchester City FC,West Ham United FC,3.4,0.2,3.0,5,1.4,3.0,0.8,5,1,2,LOCAL
438843,2024-05-19,RCD Mallorca,UD Almería,0.8,1.0,1.0,5,1.0,2.0,0.6,5,0,2,EMPATE
438842,2024-05-19,Villarreal CF,Real Madrid CF,2.2,1.2,2.4,5,3.2,0.4,3.0,5,0,2,EMPATE
438841,2024-05-19,Valencia CF,Girona FC,0.6,1.6,0.2,5,2.4,1.2,2.0,5,0,2,VISITANTE
438840,2024-05-19,Granada CF,RC Celta de Vigo,1.0,2.0,0.8,5,1.8,1.6,1.8,5,0,2,VISITANTE
438839,2024-05-19,Cádiz CF,UD Las Palmas,0.8,1.6,1.4,5,0.6,2.2,0.2,5,0,2,EMPATE
436322,2024-05-19,Sheffield United FC,Tottenham Hotspur FC,1.0,3.4,0.0,5,1.2,2.4,0.6,5,0,2,VISITANTE
438836,2024-05-19,Real Betis Balompié,Real Sociedad de Fútbol,2.0,1.2,2.2,5,0.8,0.8,1.4,5,0,2,VISITANTE
438835,2024-05-19,Club Atlético de Madrid,CA Osasuna,1.6,0.6,2.4,5,0.8,2.0,0.4,5,0,2,VISITANTE
438834,2024-05-19,Athletic Club,Sevilla FC,1.4,1.6,1.0,5,1.6,1.2,1.4,5,1,2,LOCAL
438838,2024-05-19,FC Barcelona,Rayo Vallecano de Madrid,2.4,1.8,1.8,5,0.8,1.2,1.4,5,1,2,LOCAL
436313,2024-05-19,Arsenal FC,Everton FC,2.8,0.4,3.0,5,1.4,0.2,2.6,5,1,2,LOCAL
436314,2024-05-19,Brentford FC,Newcastle United FC,1.8,0.6,2.0,5,2.4,1.6,1.4,5,0,2,VISITANTE
436315,2024-05-19,Brighton & Hove Albion FC,Manchester United FC,0.6,2.0,0.8,5,1.6,2.0,1.4,5,0,2,VISITANTE
436316,2024-05-19,Burnley FC,Nottingham Forest FC,1.6,1.8,1.0,5,1.4,2.0,0.8,5,0,2,VISITANTE
436317,2024-05-19,Chelsea FC,AFC Bournemouth,2.8,1.0,2.6,5,1.2,1.6,1.2,5,1,2,LOCAL
436318,2024-05-19,Crystal Palace FC,Aston Villa FC,3.0,0.8,2.6,5,2.0,1.4,1.6,5,1,2,LOCAL
436319,2024-05-19,Liverpool FC,Wolverhampton Wanderers FC,2.4,2.0,1.6,5,0.8,2.4,0.6,5,1,2,LOCAL
436320,2024-05-19,Luton Town FC,Fulham FC,1.0,3.2,0.2,5,0.8,1.6,1.0,5,0,2,VISITANTE
438847,2024-05-24,Girona FC,Granada CF,2.2,1.2,2.0,5,1.0,2.2,0.6,5,1,2,LOCAL
438844,2024-05-25,CA Osasuna,Villarreal CF,1.4,1.8,1.0,5,2.6,1.8,2.0,5,0,2,EMPATE
438851,2024-05-25,Real Sociedad de Fútbol,Club Atlético de Madrid,1.0,0.6,1.8,5,1.8,1.0,2.4,5,0,2,VISITANTE
438849,2024-05-25,Rayo Vallecano de Madrid,Athletic Club,0.4,1.6,0.8,5,1.6,1.4,1.4,5,0,2,VISITANTE
438852,2024-05-25,UD Almería,Cádiz CF,1.2,2.0,0.8,5,0.6,0.8,1.6,5,1,2,LOCAL
438850,2024-05-25,Real Madrid CF,Real Betis Balompié,3.4,0.8,2.6,5,1.6,1.4,1.6,5,0,2,EMPATE
438846,2024-05-26,Getafe CF,RCD Mallorca,0.6,1.6,0.6,5,1.0,1.0,1.2,5,0,2,VISITANTE
438845,2024-05-26,RC Celta de Vigo,Valencia CF,1.4,1.6,1.8,5,0.6,1.8,0.2,5,0,2,EMPATE
438848,2024-05-26,Sevilla FC,FC Barcelona,1.2,1.4,0.8,5,2.6,1.2,2.4,5,0,2,VISITANTE
438853,2024-05-26,UD Las Palmas,Deportivo Alavés,0.4,1.4,0.4,5,1.4,1.4,2.0,5,0,2,EMPATE
